https://www.fusioncharts.com/dev/chart-guide/chart-configurations/size-and-type#set-width-and-height-in-pixels	, width
https://www.fusioncharts.com/dev/chart-guide/chart-configurations/size-and-type#set-width-and-height-in-pixels	, height
https://www.fusioncharts.com/dev/chart-guide/chart-configurations/border-and-background#show-hide-chart-borders	, showBorder
https://www.fusioncharts.com/dev/chart-guide/chart-configurations/border-and-background#customize-chart-borders	, borderColor
https://www.fusioncharts.com/dev/chart-guide/chart-configurations/border-and-background#customize-chart-borders	, borderThickness
https://www.fusioncharts.com/dev/chart-guide/chart-configurations/border-and-background#customize-chart-borders	, borderAlpha
https://www.fusioncharts.com/dev/chart-guide/chart-configurations/border-and-background#customize-chart-background	, bgColor
https://www.fusioncharts.com/dev/chart-guide/chart-configurations/border-and-background#customize-chart-background	, bgAlpha
https://www.fusioncharts.com/dev/chart-guide/chart-configurations/border-and-background#use-gradient-background	, bgRatio
https://www.fusioncharts.com/dev/chart-guide/chart-configurations/border-and-background#use-gradient-background	, bgAngle
https://www.fusioncharts.com/dev/chart-guide/chart-configurations/border-and-background#use-external-image	, bgImage
https://www.fusioncharts.com/dev/chart-guide/chart-configurations/border-and-background#customize-background-image	, bgImageApha
https://www.fusioncharts.com/dev/chart-guide/chart-configurations/border-and-background#customize-background-image	, bgImageDisplayMode
https://www.fusioncharts.com/dev/chart-guide/chart-configurations/border-and-background#customize-background-image	, bgImageHAlign
https://www.fusioncharts.com/dev/chart-guide/chart-configurations/border-and-background#customize-background-image	, bgImageVAlign
https://www.fusioncharts.com/dev/chart-guide/chart-configurations/border-and-background#customize-background-image	, bgImageScale
https://www.fusioncharts.com/dev/chart-guide/chart-configurations/canvas#customize-the-canvas-fill-color	, canvasbgColor
https://www.fusioncharts.com/dev/chart-guide/chart-configurations/canvas#customize-the-canvas-fill-color	, canvasBgAlpha
https://www.fusioncharts.com/dev/chart-guide/chart-configurations/canvas#show-canvas-border	, showCanvasBorder
https://www.fusioncharts.com/dev/chart-guide/chart-configurations/canvas#customize-canvas-border	, canvasBorderColor
https://www.fusioncharts.com/dev/chart-guide/chart-configurations/canvas#customize-canvas-border	, canvasBorderThickness
https://www.fusioncharts.com/dev/chart-guide/chart-configurations/canvas#customize-canvas-border	, canvasBorderAlpha
https://www.fusioncharts.com/dev/chart-guide/chart-configurations/canvas#use-gradient-fill	, canvasBgRatio
https://www.fusioncharts.com/dev/chart-guide/chart-configurations/canvas#configure-the-3d-effect	, showCanvasBg
https://www.fusioncharts.com/dev/chart-guide/chart-configurations/canvas#configure-the-3d-effect	, showCanvasBase
https://www.fusioncharts.com/dev/chart-guide/chart-configurations/canvas#configure-the-3d-effect	, canvasBaseColor
https://www.fusioncharts.com/dev/chart-guide/chart-configurations/canvas#configure-the-3d-effect	, canvasBaseDepth
https://www.fusioncharts.com/dev/chart-guide/chart-configurations/canvas#configure-the-3d-effect	, canvasBgDepth
https://www.fusioncharts.com/dev/chart-guide/chart-configurations/titles-and-axis-names#set-the-caption-and-subcaption	, caption
https://www.fusioncharts.com/dev/chart-guide/chart-configurations/titles-and-axis-names#set-the-caption-and-subcaption	, subCaption
https://www.fusioncharts.com/dev/chart-guide/chart-configurations/titles-and-axis-names#customize-font-properties	, captionFont
https://www.fusioncharts.com/dev/chart-guide/chart-configurations/titles-and-axis-names#customize-font-properties	, captionFontColor
https://www.fusioncharts.com/dev/chart-guide/chart-configurations/titles-and-axis-names#customize-font-properties	, captionFontSize
https://www.fusioncharts.com/dev/chart-guide/chart-configurations/titles-and-axis-names#customize-font-properties	, captionFontBold
https://www.fusioncharts.com/dev/chart-guide/chart-configurations/titles-and-axis-names#customize-font-properties	, subCaptionFont
https://www.fusioncharts.com/dev/chart-guide/chart-configurations/titles-and-axis-names#customize-font-properties	, subCaptionFontColor
https://www.fusioncharts.com/dev/chart-guide/chart-configurations/titles-and-axis-names#customize-font-properties	, subCaptionFontSize
https://www.fusioncharts.com/dev/chart-guide/chart-configurations/titles-and-axis-names#customize-font-properties	, subCaptionFontBold
https://www.fusioncharts.com/dev/chart-guide/chart-configurations/titles-and-axis-names#configure-caption-alignment	, captionAlignment
https://www.fusioncharts.com/dev/chart-guide/chart-configurations/titles-and-axis-names#configure-caption-alignment	, captionOnTop
https://www.fusioncharts.com/dev/chart-guide/chart-configurations/titles-and-axis-names#configure-caption-alignment	, alignCaptionWithCanvas
https://www.fusioncharts.com/dev/chart-guide/chart-configurations/titles-and-axis-names#configure-caption-alignment	, captionHorizontalPadding
https://www.fusioncharts.com/dev/chart-guide/chart-configurations/titles-and-axis-names#setting-axes-names	, xAxisName
https://www.fusioncharts.com/dev/chart-guide/chart-configurations/titles-and-axis-names#setting-axes-names	, yAxisName
https://www.fusioncharts.com/dev/chart-guide/chart-configurations/titles-and-axis-names#configure-font-cosmetic-properties	, xAxisNameFont
https://www.fusioncharts.com/dev/chart-guide/chart-configurations/titles-and-axis-names#configure-font-cosmetic-properties	, xAxisNameFontColor
https://www.fusioncharts.com/dev/chart-guide/chart-configurations/titles-and-axis-names#configure-font-cosmetic-properties	, xAxisNameFontSize
https://www.fusioncharts.com/dev/chart-guide/chart-configurations/titles-and-axis-names#configure-font-cosmetic-properties	, xAxisNameFontBold
https://www.fusioncharts.com/dev/chart-guide/chart-configurations/titles-and-axis-names#configure-font-cosmetic-properties	, xAxisNameFontItalic
https://www.fusioncharts.com/dev/chart-guide/chart-configurations/titles-and-axis-names#configure-font-cosmetic-properties	, yAxisNameFont
https://www.fusioncharts.com/dev/chart-guide/chart-configurations/titles-and-axis-names#configure-font-cosmetic-properties	, yAxisNameFontColor
https://www.fusioncharts.com/dev/chart-guide/chart-configurations/titles-and-axis-names#configure-font-cosmetic-properties	, yAxisNameFontSize
https://www.fusioncharts.com/dev/chart-guide/chart-configurations/titles-and-axis-names#configure-font-cosmetic-properties	, yAxisNameFontBold
https://www.fusioncharts.com/dev/chart-guide/chart-configurations/titles-and-axis-names#configure-font-cosmetic-properties	, yAxisNameFontItalic
https://www.fusioncharts.com/dev/chart-guide/chart-configurations/titles-and-axis-names#configure-cosmetic-properties-of-borders-of-the-names	, xAxisNameBorderColor
https://www.fusioncharts.com/dev/chart-guide/chart-configurations/titles-and-axis-names#configure-cosmetic-properties-of-borders-of-the-names	, xAxisNameBorderAlpha
https://www.fusioncharts.com/dev/chart-guide/chart-configurations/titles-and-axis-names#configure-cosmetic-properties-of-borders-of-the-names	, xAxisNameBorderPadding
https://www.fusioncharts.com/dev/chart-guide/chart-configurations/titles-and-axis-names#configure-cosmetic-properties-of-borders-of-the-names	, xAxisNameBorderRadius
https://www.fusioncharts.com/dev/chart-guide/chart-configurations/titles-and-axis-names#configure-cosmetic-properties-of-borders-of-the-names	, xAxisNameBorderThickness
https://www.fusioncharts.com/dev/chart-guide/chart-configurations/titles-and-axis-names#configure-cosmetic-properties-of-borders-of-the-names	, xAxisNameBorderDashed
https://www.fusioncharts.com/dev/chart-guide/chart-configurations/titles-and-axis-names#configure-cosmetic-properties-of-borders-of-the-names	, xAxisNameBorderDashLen
https://www.fusioncharts.com/dev/chart-guide/chart-configurations/titles-and-axis-names#configure-cosmetic-properties-of-borders-of-the-names	, xAxisNameBorderDashGap
https://www.fusioncharts.com/dev/chart-guide/chart-configurations/titles-and-axis-names#configure-cosmetic-properties-of-borders-of-the-names	, yAxisNameBorderColor
https://www.fusioncharts.com/dev/chart-guide/chart-configurations/titles-and-axis-names#configure-cosmetic-properties-of-borders-of-the-names	, yAxisNameBorderAlpha
https://www.fusioncharts.com/dev/chart-guide/chart-configurations/titles-and-axis-names#configure-cosmetic-properties-of-borders-of-the-names	, yAxisNameBorderPadding
https://www.fusioncharts.com/dev/chart-guide/chart-configurations/titles-and-axis-names#configure-cosmetic-properties-of-borders-of-the-names	, yAxisNameBorderRadius
https://www.fusioncharts.com/dev/chart-guide/chart-configurations/titles-and-axis-names#configure-cosmetic-properties-of-borders-of-the-names	, yAxisNameBorderThickness
https://www.fusioncharts.com/dev/chart-guide/chart-configurations/titles-and-axis-names#configure-cosmetic-properties-of-borders-of-the-names	, yAxisNameBorderDashed
https://www.fusioncharts.com/dev/chart-guide/chart-configurations/titles-and-axis-names#configure-cosmetic-properties-of-borders-of-the-names	, yAxisNameBorderDashLen
https://www.fusioncharts.com/dev/chart-guide/chart-configurations/titles-and-axis-names#configure-cosmetic-properties-of-borders-of-the-names	, yAxisNameBorderDashGap
https://www.fusioncharts.com/dev/chart-guide/chart-configurations/titles-and-axis-names#configure-the-font-opacity-and-background	, xAxisNameFontAlpha
https://www.fusioncharts.com/dev/chart-guide/chart-configurations/titles-and-axis-names#configure-the-font-opacity-and-background	, xAxisNameBgColor
https://www.fusioncharts.com/dev/chart-guide/chart-configurations/titles-and-axis-names#configure-the-font-opacity-and-background	, xAxisNameBgAlpha
https://www.fusioncharts.com/dev/chart-guide/chart-configurations/titles-and-axis-names#configure-the-font-opacity-and-background	, xAxisNameAlpha
https://www.fusioncharts.com/dev/chart-guide/chart-configurations/titles-and-axis-names#configure-the-font-opacity-and-background	, yAxisNameFontAlpha
https://www.fusioncharts.com/dev/chart-guide/chart-configurations/titles-and-axis-names#configure-the-font-opacity-and-background	, yAxisNameBgColor
https://www.fusioncharts.com/dev/chart-guide/chart-configurations/titles-and-axis-names#configure-the-font-opacity-and-background	, yAxisNameBgAlpha
https://www.fusioncharts.com/dev/chart-guide/chart-configurations/titles-and-axis-names#configure-the-font-opacity-and-background	, yAxisNameAlpha
https://www.fusioncharts.com/dev/chart-guide/chart-configurations/titles-and-axis-names#configure-font-properties-for-y-axis-names	, pYAxisName
https://www.fusioncharts.com/dev/chart-guide/chart-configurations/titles-and-axis-names#configure-font-properties-for-y-axis-names	, sYAxisName
https://www.fusioncharts.com/dev/chart-guide/chart-configurations/titles-and-axis-names#configure-font-properties-for-y-axis-names	, pYAxisNameFont
https://www.fusioncharts.com/dev/chart-guide/chart-configurations/titles-and-axis-names#configure-font-properties-for-y-axis-names	, sYAxisNameFont
https://www.fusioncharts.com/dev/chart-guide/chart-configurations/titles-and-axis-names#configure-font-properties-for-y-axis-names	, pYAxisNameFontColor
https://www.fusioncharts.com/dev/chart-guide/chart-configurations/titles-and-axis-names#configure-font-properties-for-y-axis-names	, sYAxisNameFontColor
https://www.fusioncharts.com/dev/chart-guide/chart-configurations/titles-and-axis-names#configure-font-properties-for-y-axis-names	, pYAxisNameFontSize
https://www.fusioncharts.com/dev/chart-guide/chart-configurations/titles-and-axis-names#configure-font-properties-for-y-axis-names	, sYAxisNameFontSize
https://www.fusioncharts.com/dev/chart-guide/chart-configurations/titles-and-axis-names#configure-font-properties-for-y-axis-names	, pYAxisNameFontBold
https://www.fusioncharts.com/dev/chart-guide/chart-configurations/titles-and-axis-names#configure-font-properties-for-y-axis-names	, sYAxisNameFontBold
https://www.fusioncharts.com/dev/chart-guide/chart-configurations/titles-and-axis-names#configure-font-properties-for-y-axis-names	, pYAxisNameFontItalic
https://www.fusioncharts.com/dev/chart-guide/chart-configurations/titles-and-axis-names#configure-font-properties-for-y-axis-names	, sYAxisNameFontItalic
https://www.fusioncharts.com/dev/chart-guide/chart-configurations/titles-and-axis-names#configure-font-properties-for-y-axis-names	, pYAxisNameFontAlpha
https://www.fusioncharts.com/dev/chart-guide/chart-configurations/titles-and-axis-names#configure-font-properties-for-y-axis-names	, sYAxisNameFontAlpha
https://www.fusioncharts.com/dev/chart-guide/chart-configurations/titles-and-axis-names#configure-background-properties-of-y-axis-names	, pYAxisNameAlpha
https://www.fusioncharts.com/dev/chart-guide/chart-configurations/titles-and-axis-names#configure-background-properties-of-y-axis-names	, sYAxisNameAlpha
https://www.fusioncharts.com/dev/chart-guide/chart-configurations/titles-and-axis-names#configure-background-properties-of-y-axis-names	, pYAxisNameBgColor
https://www.fusioncharts.com/dev/chart-guide/chart-configurations/titles-and-axis-names#configure-background-properties-of-y-axis-names	, sYAxisNameBgColor
https://www.fusioncharts.com/dev/chart-guide/chart-configurations/titles-and-axis-names#configure-background-properties-of-y-axis-names	, pYAxisNameBgAlpha
https://www.fusioncharts.com/dev/chart-guide/chart-configurations/titles-and-axis-names#configure-background-properties-of-y-axis-names	, sYAxisNameBgAlpha
https://www.fusioncharts.com/dev/chart-guide/chart-configurations/titles-and-axis-names#configure-the-border-properties-of-y-axis-names	, pYAxisNameBorderColor
https://www.fusioncharts.com/dev/chart-guide/chart-configurations/titles-and-axis-names#configure-the-border-properties-of-y-axis-names	, sYAxisNameBorderColor
https://www.fusioncharts.com/dev/chart-guide/chart-configurations/titles-and-axis-names#configure-the-border-properties-of-y-axis-names	, pYAxisNameBorderAlpha
https://www.fusioncharts.com/dev/chart-guide/chart-configurations/titles-and-axis-names#configure-the-border-properties-of-y-axis-names	, sYAxisNameBorderAlpha
https://www.fusioncharts.com/dev/chart-guide/chart-configurations/titles-and-axis-names#configure-the-border-properties-of-y-axis-names	, pYAxisNameBorderPadding
https://www.fusioncharts.com/dev/chart-guide/chart-configurations/titles-and-axis-names#configure-the-border-properties-of-y-axis-names	, sYAxisNameBorderPadding
https://www.fusioncharts.com/dev/chart-guide/chart-configurations/titles-and-axis-names#configure-the-border-properties-of-y-axis-names	, pYAxisNameBorderRadius
https://www.fusioncharts.com/dev/chart-guide/chart-configurations/titles-and-axis-names#configure-the-border-properties-of-y-axis-names	, sYAxisNameBorderRadius
https://www.fusioncharts.com/dev/chart-guide/chart-configurations/titles-and-axis-names#configure-the-border-properties-of-y-axis-names	, pYAxisNameBorderThickness
https://www.fusioncharts.com/dev/chart-guide/chart-configurations/titles-and-axis-names#configure-the-border-properties-of-y-axis-names	, sYAxisNameBorderThickness
https://www.fusioncharts.com/dev/chart-guide/chart-configurations/titles-and-axis-names#configure-the-border-properties-of-y-axis-names	, pYAxisNameBorderDashed
https://www.fusioncharts.com/dev/chart-guide/chart-configurations/titles-and-axis-names#configure-the-border-properties-of-y-axis-names	, sYAxisNameBorderDashed
https://www.fusioncharts.com/dev/chart-guide/chart-configurations/titles-and-axis-names#configure-the-border-properties-of-y-axis-names	, pYAxisNameBorderDashLen
https://www.fusioncharts.com/dev/chart-guide/chart-configurations/titles-and-axis-names#configure-the-border-properties-of-y-axis-names	, sYAxisNameBorderDashLen
https://www.fusioncharts.com/dev/chart-guide/chart-configurations/titles-and-axis-names#configure-the-border-properties-of-y-axis-names	, pYAxisNameBorderDashGap
https://www.fusioncharts.com/dev/chart-guide/chart-configurations/titles-and-axis-names#configure-the-border-properties-of-y-axis-names	, sYAxisNameBorderDashGap
https://www.fusioncharts.com/dev/chart-guide/chart-configurations/data-plot#color-individual-data-plots	, color
https://www.fusioncharts.com/dev/chart-guide/chart-configurations/data-plot#color-different-data-plots	, paletteColors
https://www.fusioncharts.com/dev/chart-guide/chart-configurations/data-plot#add-gradient-effect-to-data-plots	, usePlotGradientColor
https://www.fusioncharts.com/dev/chart-guide/chart-configurations/data-plot#add-gradient-effect-to-data-plots	, plotGradientColor
https://www.fusioncharts.com/dev/chart-guide/chart-configurations/data-plot#customize-gradient-properties	, plotFillAngle
https://www.fusioncharts.com/dev/chart-guide/chart-configurations/data-plot#customize-gradient-properties	, plotFillRatio
https://www.fusioncharts.com/dev/chart-guide/chart-configurations/data-plot#customize-gradient-properties	, plotFillAlpha
https://www.fusioncharts.com/dev/chart-guide/chart-configurations/data-plot#show-hide-plot-border	, showPlotBorder
https://www.fusioncharts.com/dev/chart-guide/chart-configurations/data-plot#dashed-data-plot-border	, plotBorderDashed
https://www.fusioncharts.com/dev/chart-guide/chart-configurations/data-plot#dashed-data-plot-border	, plotBorderDashLen
https://www.fusioncharts.com/dev/chart-guide/chart-configurations/data-plot#dashed-data-plot-border	, plotBorderDashGap
https://www.fusioncharts.com/dev/chart-guide/chart-configurations/data-plot#dashed-data-plot-border	, plotBorderThickness
https://www.fusioncharts.com/dev/chart-guide/chart-configurations/data-plot#dashed-data-plot-border	, plotBorderColor
https://www.fusioncharts.com/dev/chart-guide/chart-configurations/data-plot#dashed-data-plot-border	, dashed
https://www.fusioncharts.com/dev/chart-guide/chart-configurations/data-plot#dashed-data-plot-border	, dashLen
https://www.fusioncharts.com/dev/chart-guide/chart-configurations/data-plot#dashed-data-plot-border	, dashGap
https://www.fusioncharts.com/dev/chart-guide/chart-configurations/data-plot#round-edges	, useRoundEdges
https://www.fusioncharts.com/dev/chart-guide/chart-configurations/data-plot#plot-hover-effects	, plotHoverEffect
https://www.fusioncharts.com/dev/chart-guide/chart-configurations/data-plot#plot-hover-effects	, plotFillHoverColor
https://www.fusioncharts.com/dev/chart-guide/chart-configurations/data-plot#plot-hover-effects	, plotFillHoverAlpha
https://www.fusioncharts.com/dev/chart-guide/chart-configurations/data-plot#plot-hover-effects	, plotBorderHoverColor
https://www.fusioncharts.com/dev/chart-guide/chart-configurations/data-plot#plot-hover-effects	, plotBorderHoverAlpha
https://www.fusioncharts.com/dev/chart-guide/chart-configurations/data-plot#plot-hover-effects	, plotBorderHoverThickness
https://www.fusioncharts.com/dev/chart-guide/chart-configurations/data-plot#plot-hover-effects	, plotBorderHoverDashed
https://www.fusioncharts.com/dev/chart-guide/chart-configurations/data-plot#plot-hover-effects	, plotBorderHoverDashLen
https://www.fusioncharts.com/dev/chart-guide/chart-configurations/data-plot#plot-hover-effects	, plotBorderHoverDashGap
https://www.fusioncharts.com/dev/chart-guide/chart-configurations/data-plot#plot-hover-effects	, hoverColor
https://www.fusioncharts.com/dev/chart-guide/chart-configurations/data-plot#plot-hover-effects	, hoverAlpha
https://www.fusioncharts.com/dev/chart-guide/chart-configurations/data-plot#plot-hover-effects	, borderHoverColor
https://www.fusioncharts.com/dev/chart-guide/chart-configurations/data-plot#plot-hover-effects	, borderHoverAlpha
https://www.fusioncharts.com/dev/chart-guide/chart-configurations/data-plot#plot-hover-effects	, borderHoverThickness
https://www.fusioncharts.com/dev/chart-guide/chart-configurations/data-plot#plot-hover-effects	, borderHoverDashed
https://www.fusioncharts.com/dev/chart-guide/chart-configurations/data-plot#plot-hover-effects	, borderHoverDashLen
https://www.fusioncharts.com/dev/chart-guide/chart-configurations/data-plot#plot-hover-effects	, borderHoverDashGap
https://www.fusioncharts.com/dev/chart-guide/chart-configurations/data-plot#plot-hover-effects	, hoverGradientColor
https://www.fusioncharts.com/dev/chart-guide/chart-configurations/data-plot#plot-hover-effects	, hoverRatio
https://www.fusioncharts.com/dev/chart-guide/chart-configurations/data-plot#plot-hover-effects	, hoverAngle
https://www.fusioncharts.com/dev/chart-guide/chart-configurations/data-labels#data-label-display-modes	, labelDisplay
https://www.fusioncharts.com/dev/chart-guide/chart-configurations/data-labels#data-label-display-modes	, useEllipsesWhenOverflow
https://www.fusioncharts.com/dev/chart-guide/chart-configurations/data-labels#data-label-display-modes	, rotateLabels
https://www.fusioncharts.com/dev/chart-guide/chart-configurations/data-labels#data-label-display-modes	, maxLabelWidthPercent
https://www.fusioncharts.com/dev/chart-guide/chart-configurations/data-labels#data-label-display-modes	, slantLabel
https://www.fusioncharts.com/dev/chart-guide/chart-configurations/data-labels#data-label-display-modes	, xAxisLabelMode
https://www.fusioncharts.com/dev/chart-guide/chart-configurations/data-labels#data-label-display-modes	, staggerLines
https://www.fusioncharts.com/dev/chart-guide/chart-configurations/data-labels#data-label-display-modes	, labelstep
https://www.fusioncharts.com/dev/chart-guide/chart-configurations/data-labels#show-hide-labels-for-all-dataplots	, showLabels
https://www.fusioncharts.com/dev/chart-guide/chart-configurations/data-labels#hide-specific-data-labels	, showLabel
https://www.fusioncharts.com/dev/chart-guide/chart-configurations/data-labels#label-management-line-and-area-charts	, canvasPadding
https://www.fusioncharts.com/dev/chart-guide/chart-configurations/data-labels#customize-data-label-properties	, labelFont
https://www.fusioncharts.com/dev/chart-guide/chart-configurations/data-labels#customize-data-label-properties	, labelFontColor
https://www.fusioncharts.com/dev/chart-guide/chart-configurations/data-labels#customize-data-label-properties	, labelFontSize
https://www.fusioncharts.com/dev/chart-guide/chart-configurations/data-labels#customize-data-label-properties	, labelFontBold
https://www.fusioncharts.com/dev/chart-guide/chart-configurations/data-labels#customize-data-label-properties	, labelFontItalic
https://www.fusioncharts.com/dev/chart-guide/chart-configurations/data-labels#customize-data-label-properties	, labelAlpha
https://www.fusioncharts.com/dev/chart-guide/chart-configurations/data-labels#border-properties	, labelBorderColor
https://www.fusioncharts.com/dev/chart-guide/chart-configurations/data-labels#border-properties	, labelBorderAlpha
https://www.fusioncharts.com/dev/chart-guide/chart-configurations/data-labels#border-properties	, labelBorderPadding
https://www.fusioncharts.com/dev/chart-guide/chart-configurations/data-labels#border-properties	, labelBorderRadius
https://www.fusioncharts.com/dev/chart-guide/chart-configurations/data-labels#border-properties	, labelBorderThickness
https://www.fusioncharts.com/dev/chart-guide/chart-configurations/data-labels#border-properties	, labelBorderDashed
https://www.fusioncharts.com/dev/chart-guide/chart-configurations/data-labels#border-properties	, labelBorderDashGap
https://www.fusioncharts.com/dev/chart-guide/chart-configurations/data-labels#border-properties	, labelBorderDashLen
https://www.fusioncharts.com/dev/chart-guide/chart-configurations/data-labels#background-properties	, labelBgColor
https://www.fusioncharts.com/dev/chart-guide/chart-configurations/data-labels#background-properties	, lableBgAlpha
https://www.fusioncharts.com/dev/chart-guide/chart-configurations/data-labels#configure-height-of-the-data-label	, maxLabelHeight
https://www.fusioncharts.com/dev/chart-guide/chart-configurations/data-labels#add-links-to-data-labels	, labelLink
https://www.fusioncharts.com/dev/chart-guide/chart-configurations/data-values#configure-text-labels-instead-of-numeric-data-values	, displayValue
https://www.fusioncharts.com/dev/chart-guide/chart-configurations/data-values#rotate-data-values	, rotateValues
https://www.fusioncharts.com/dev/chart-guide/chart-configurations/data-values#display-data-values-outside-columns	, placeValuesInside
https://www.fusioncharts.com/dev/chart-guide/chart-configurations/data-values#show-hide-data-values	, showValues
https://www.fusioncharts.com/dev/chart-guide/chart-configurations/data-values#show-hide-data-values	, showValue
https://www.fusioncharts.com/dev/chart-guide/chart-configurations/data-values#skip-y-axis-values	, yAxisValuesStep
https://www.fusioncharts.com/dev/chart-guide/chart-configurations/data-values#customize-data-value-properties	, valueFont
https://www.fusioncharts.com/dev/chart-guide/chart-configurations/data-values#customize-data-value-properties	, valueFontColor
https://www.fusioncharts.com/dev/chart-guide/chart-configurations/data-values#customize-data-value-properties	, valueFontSize
https://www.fusioncharts.com/dev/chart-guide/chart-configurations/data-values#customize-data-value-properties	, valueFontBold
https://www.fusioncharts.com/dev/chart-guide/chart-configurations/data-values#customize-data-value-properties	, valueFontItalic
https://www.fusioncharts.com/dev/chart-guide/chart-configurations/data-values#customize-data-value-properties	, valueFontAlpha
https://www.fusioncharts.com/dev/chart-guide/chart-configurations/data-values#customize-data-value-border	, valueBorderColor
https://www.fusioncharts.com/dev/chart-guide/chart-configurations/data-values#customize-data-value-border	, valueBorderAlpha
https://www.fusioncharts.com/dev/chart-guide/chart-configurations/data-values#customize-data-value-border	, valueBorderThickness
https://www.fusioncharts.com/dev/chart-guide/chart-configurations/data-values#customize-data-value-border	, valueBorderRadius
https://www.fusioncharts.com/dev/chart-guide/chart-configurations/data-values#customize-data-value-border	, valueBorderDashed
https://www.fusioncharts.com/dev/chart-guide/chart-configurations/data-values#customize-data-value-border	, valueBorderDashGap
https://www.fusioncharts.com/dev/chart-guide/chart-configurations/data-values#customize-data-value-border	, valueBorderDashLen
https://www.fusioncharts.com/dev/chart-guide/chart-configurations/data-values#customize-data-value-border	, valueBorderHoverAlpha
https://www.fusioncharts.com/dev/chart-guide/chart-configurations/data-values#customize-data-value-background	, valueBgColor
https://www.fusioncharts.com/dev/chart-guide/chart-configurations/data-values#customize-data-value-background	, valueBgAlpha
https://www.fusioncharts.com/dev/chart-guide/chart-configurations/data-values#customize-data-value-background	, valueBgHoverAlpha
https://www.fusioncharts.com/dev/chart-guide/chart-configurations/number-format#round-off-decimal-places	, decimals
https://www.fusioncharts.com/dev/chart-guide/chart-configurations/number-format#round-off-decimal-places	, yAxisValueDecimals
https://www.fusioncharts.com/dev/chart-guide/chart-configurations/number-format#round-off-decimal-places	, xAxisValueDecimals
https://www.fusioncharts.com/dev/chart-guide/chart-configurations/number-format#round-off-with-trailing-zeroes	, forceDecimals
https://www.fusioncharts.com/dev/chart-guide/chart-configurations/number-format#round-off-with-trailing-zeroes	, forceYAxisValueDecimals
https://www.fusioncharts.com/dev/chart-guide/chart-configurations/number-format#round-off-with-trailing-zeroes	, forceXAxisValueDecimals
https://www.fusioncharts.com/dev/chart-guide/chart-configurations/number-format#enable-disable-automatic-formatting-of-numbers	, formatNumber
https://www.fusioncharts.com/dev/chart-guide/chart-configurations/number-format#enable-disable-automatic-formatting-of-numbers	, yFormatNumber
https://www.fusioncharts.com/dev/chart-guide/chart-configurations/number-format#enable-disable-automatic-formatting-of-numbers	, xFormatNumber
https://www.fusioncharts.com/dev/chart-guide/chart-configurations/number-format#enable-disable-automatic-formatting-of-numbers	, formatNumberScale
https://www.fusioncharts.com/dev/chart-guide/chart-configurations/number-format#enable-disable-automatic-formatting-of-numbers	, yFormatNumberScale
https://www.fusioncharts.com/dev/chart-guide/chart-configurations/number-format#enable-disable-automatic-formatting-of-numbers	, xFormatNumberScale
https://www.fusioncharts.com/dev/chart-guide/chart-configurations/number-format#customize-thousand-and-decimal-separator	, decimalSeparator
https://www.fusioncharts.com/dev/chart-guide/chart-configurations/number-format#customize-thousand-and-decimal-separator	, thousandSeparator
https://www.fusioncharts.com/dev/chart-guide/chart-configurations/number-format#customize-thousand-and-decimal-separator	, inDecimalSeparator
https://www.fusioncharts.com/dev/chart-guide/chart-configurations/number-format#customize-thousand-and-decimal-separator	, inThousandSeparator
https://www.fusioncharts.com/dev/chart-guide/chart-configurations/number-format#configure-thousand-separator-position	, thousandSeparatorPosition
https://www.fusioncharts.com/dev/chart-guide/chart-configurations/number-format#add-number-prefix-and-suffix	, sNumberPrefix
https://www.fusioncharts.com/dev/chart-guide/chart-configurations/number-format#add-number-prefix-and-suffix	, xNumberPrefix
https://www.fusioncharts.com/dev/chart-guide/chart-configurations/number-format#add-number-prefix-and-suffix	, yNumberPrefix
https://www.fusioncharts.com/dev/chart-guide/chart-configurations/number-format#add-number-prefix-and-suffix	, NumberSuffix
https://www.fusioncharts.com/dev/chart-guide/chart-configurations/number-format#add-number-prefix-and-suffix	, xNumberSuffix
https://www.fusioncharts.com/dev/chart-guide/chart-configurations/number-format#add-number-prefix-and-suffix	, yNumberSuffix
https://www.fusioncharts.com/dev/chart-guide/chart-configurations/number-format#add-number-prefix-and-suffix	, sNumberPrefix
https://www.fusioncharts.com/dev/chart-guide/chart-configurations/number-format#add-number-prefix-and-suffix	, forceSYAxisValueDecimals
https://www.fusioncharts.com/dev/chart-guide/chart-configurations/number-format#shorten-data-values	, formatNumberScale
https://www.fusioncharts.com/dev/chart-guide/chart-configurations/number-format#shorten-data-values	, yFormatNumberScale
https://www.fusioncharts.com/dev/chart-guide/chart-configurations/number-format#shorten-data-values	, xFormatNumberScale
https://www.fusioncharts.com/dev/chart-guide/chart-configurations/number-format#add-billions-to-default-scaling	, numberScaleValue
https://www.fusioncharts.com/dev/chart-guide/chart-configurations/number-format#add-billions-to-default-scaling	, numberScaleUnit
https://www.fusioncharts.com/dev/chart-guide/chart-configurations/number-format#use-recursive-number-scaling	, scaleRecursively
https://www.fusioncharts.com/dev/chart-guide/chart-configurations/number-format#use-recursive-number-scaling	, maxScaleRecursion
https://www.fusioncharts.com/dev/chart-guide/chart-configurations/number-format#use-recursive-number-scaling	, xScaleRecursively
https://www.fusioncharts.com/dev/chart-guide/chart-configurations/number-format#use-recursive-number-scaling	, xMaxScaleRecursion
https://www.fusioncharts.com/dev/chart-guide/chart-configurations/number-format#use-recursive-number-scaling	, xScaleSeparator
https://www.fusioncharts.com/dev/chart-guide/chart-configurations/number-format#use-recursive-number-scaling	, xAxisLabelMode
https://www.fusioncharts.com/dev/chart-guide/chart-configurations/number-format#use-recursive-number-scaling	, sScaleRecursively
https://www.fusioncharts.com/dev/chart-guide/chart-configurations/number-format#use-recursive-number-scaling	, sMaxScaleRecursion
https://www.fusioncharts.com/dev/chart-guide/chart-configurations/number-format#use-recursive-number-scaling	, sScaleSeparator
https://www.fusioncharts.com/dev/chart-guide/chart-configurations/fonts#customize-base-font-group	, baseFont
https://www.fusioncharts.com/dev/chart-guide/chart-configurations/fonts#customize-base-font-group	, baseFontSize
https://www.fusioncharts.com/dev/chart-guide/chart-configurations/fonts#customize-base-font-group	, baseFontColor
https://www.fusioncharts.com/dev/chart-guide/chart-configurations/fonts#outside-canvas-base-font-group	, outCnvBaseFont
https://www.fusioncharts.com/dev/chart-guide/chart-configurations/fonts#outside-canvas-base-font-group	, outCnvBaseFontSize
https://www.fusioncharts.com/dev/chart-guide/chart-configurations/fonts#outside-canvas-base-font-group	, outCnvBaseFontColor
https://www.fusioncharts.com/dev/chart-guide/chart-configurations/chart-palettes	, palette
https://www.fusioncharts.com/dev/chart-guide/chart-configurations/chart-limits#set-chart-limits-explicitly	, yAxisMinValue
https://www.fusioncharts.com/dev/chart-guide/chart-configurations/chart-limits#set-chart-limits-explicitly	, yAxisMaxValue
https://www.fusioncharts.com/dev/chart-guide/chart-configurations/chart-limits#set-y-axis-minimum-value	, setAdaptiveYMin
https://www.fusioncharts.com/dev/chart-guide/chart-configurations/chart-limits#set-axis-limits-for-dual-y-axis-charts	, pYAxisMinValue
https://www.fusioncharts.com/dev/chart-guide/chart-configurations/chart-limits#set-axis-limits-for-dual-y-axis-charts	, pYAxisMaxValue
https://www.fusioncharts.com/dev/chart-guide/chart-configurations/chart-limits#set-axis-limits-for-dual-y-axis-charts	, sYAxisMinValue
https://www.fusioncharts.com/dev/chart-guide/chart-configurations/chart-limits#set-axis-limits-for-dual-y-axis-charts	, sYAxisMaxValue
https://www.fusioncharts.com/dev/chart-guide/chart-configurations/chart-limits#set-same-axis-limits-for-primary-and-secondary-y-axes	, syncAxisLimits
https://www.fusioncharts.com/dev/chart-guide/chart-configurations/chart-limits#show-hide-y-axis-values	, showYAxisValues
https://www.fusioncharts.com/dev/chart-guide/chart-configurations/chart-limits#show-hide-y-axis-values	, showLimits
https://www.fusioncharts.com/dev/chart-guide/chart-configurations/div-lines-and-grids#customize-the-number-of-divisional-lines	, adjustDiv
https://www.fusioncharts.com/dev/chart-guide/chart-configurations/div-lines-and-grids#customize-the-number-of-divisional-lines	, yAxisMinValue
https://www.fusioncharts.com/dev/chart-guide/chart-configurations/div-lines-and-grids#customize-the-number-of-divisional-lines	, yAxisMaxValue
https://www.fusioncharts.com/dev/chart-guide/chart-configurations/div-lines-and-grids#customize-the-number-of-divisional-lines	, numDivLines
https://www.fusioncharts.com/dev/chart-guide/chart-configurations/div-lines-and-grids#customize-the-display-of-divisional-lines	, divLineColor
https://www.fusioncharts.com/dev/chart-guide/chart-configurations/div-lines-and-grids#customize-the-display-of-divisional-lines	, divLineThickness
https://www.fusioncharts.com/dev/chart-guide/chart-configurations/div-lines-and-grids#customize-the-display-of-divisional-lines	, divLineAlpha
https://www.fusioncharts.com/dev/chart-guide/chart-configurations/div-lines-and-grids#dashed-divisional-lines	, divLineDashed
https://www.fusioncharts.com/dev/chart-guide/chart-configurations/div-lines-and-grids#dashed-divisional-lines	, divLineDashLen
https://www.fusioncharts.com/dev/chart-guide/chart-configurations/div-lines-and-grids#dashed-divisional-lines	, divLineDashGap
https://www.fusioncharts.com/dev/chart-guide/chart-configurations/div-lines-and-grids#customize-horizontal-grid-bands	, showAlternateHGridColor
https://www.fusioncharts.com/dev/chart-guide/chart-configurations/div-lines-and-grids#customize-horizontal-grid-bands	, alternateHGridColor
https://www.fusioncharts.com/dev/chart-guide/chart-configurations/div-lines-and-grids#customize-horizontal-grid-bands	, alternateHGridAlpha
https://www.fusioncharts.com/dev/chart-guide/chart-configurations/vertical-div-lines#show-vertical-divisional-lines	, numVDivLines
https://www.fusioncharts.com/dev/chart-guide/chart-configurations/vertical-div-lines#customize-the-visuals-of-vertical-divisional-lines	, vDivLineColor
https://www.fusioncharts.com/dev/chart-guide/chart-configurations/vertical-div-lines#customize-the-visuals-of-vertical-divisional-lines	, vDivLineThickness
https://www.fusioncharts.com/dev/chart-guide/chart-configurations/vertical-div-lines#customize-the-visuals-of-vertical-divisional-lines	, vDivLineAlpha
https://www.fusioncharts.com/dev/chart-guide/chart-configurations/vertical-div-lines#dashed-divisional-lines	, vDivLineDashed
https://www.fusioncharts.com/dev/chart-guide/chart-configurations/vertical-div-lines#dashed-divisional-lines	, vDivLineDashLen
https://www.fusioncharts.com/dev/chart-guide/chart-configurations/vertical-div-lines#dashed-divisional-lines	, vDivLineDashGap
https://www.fusioncharts.com/dev/chart-guide/chart-configurations/vertical-div-lines#show-vertical-grid-bands	, showAlternateVGridColor
https://www.fusioncharts.com/dev/chart-guide/chart-configurations/vertical-div-lines#customize-the-visuals-vertical-grid-bands	, alternateVGridColor
https://www.fusioncharts.com/dev/chart-guide/chart-configurations/vertical-div-lines#customize-the-visuals-vertical-grid-bands	, alternateVGridAlpha
https://www.fusioncharts.com/dev/chart-guide/chart-configurations/zero-plane#show-hide-the-zero-plane	, showZeroPlane
https://www.fusioncharts.com/dev/chart-guide/chart-configurations/zero-plane#customize-zero-plane-in-2d-chart	, zeroPlaneColor
https://www.fusioncharts.com/dev/chart-guide/chart-configurations/zero-plane#customize-zero-plane-in-2d-chart	, zeroPlaneThickness
https://www.fusioncharts.com/dev/chart-guide/chart-configurations/zero-plane#customize-zero-plane-in-2d-chart	, zeroPlaneAlpha
https://www.fusioncharts.com/dev/chart-guide/chart-configurations/zero-plane#customize-zero-plane-in-3d-chart	, zeroPlaneShowBorder
https://www.fusioncharts.com/dev/chart-guide/chart-configurations/zero-plane#customize-zero-plane-in-3d-chart	, zeroPlaneBorderColor
https://www.fusioncharts.com/dev/chart-guide/chart-configurations/zero-plane#vertical-zero-plane	, showVZeroPlane
https://www.fusioncharts.com/dev/chart-guide/chart-configurations/zero-plane#vertical-zero-plane	, vZeroPlaneColor
https://www.fusioncharts.com/dev/chart-guide/chart-configurations/zero-plane#vertical-zero-plane	, vZeroPlaneThickness
https://www.fusioncharts.com/dev/chart-guide/chart-configurations/zero-plane#vertical-zero-plane	, vZeroPlaneAlpha
https://www.fusioncharts.com/dev/chart-guide/chart-configurations/zero-plane#vertical-zero-plane	, showZeroPlaneValue
https://www.fusioncharts.com/dev/chart-guide/chart-configurations/trend-lines-and-zones#add-tool-text-to-a-trend-line	, toolText
https://www.fusioncharts.com/dev/chart-guide/chart-configurations/trend-lines-and-zones#add-trend-zones	, isTrendZone
https://www.fusioncharts.com/dev/chart-guide/chart-configurations/trend-lines-and-zones#add-trend-zones	, startValue
https://www.fusioncharts.com/dev/chart-guide/chart-configurations/trend-lines-and-zones#add-trend-zones	, endValue
https://www.fusioncharts.com/dev/chart-guide/chart-configurations/trend-lines-and-zones#customize-trend-lines-and-trend-zones	, color
https://www.fusioncharts.com/dev/chart-guide/chart-configurations/trend-lines-and-zones#customize-trend-lines-and-trend-zones	, thickness
https://www.fusioncharts.com/dev/chart-guide/chart-configurations/trend-lines-and-zones#customize-trend-lines-and-trend-zones	, alpha
https://www.fusioncharts.com/dev/chart-guide/chart-configurations/trend-lines-and-zones#customize-the-trend-line-display-value-text	, trendValueFont
https://www.fusioncharts.com/dev/chart-guide/chart-configurations/trend-lines-and-zones#customize-the-trend-line-display-value-text	, trendValueFontSize
https://www.fusioncharts.com/dev/chart-guide/chart-configurations/trend-lines-and-zones#customize-the-trend-line-display-value-text	, trendValueFontBold
https://www.fusioncharts.com/dev/chart-guide/chart-configurations/trend-lines-and-zones#customize-the-trend-line-display-value-text	, trendValueFontItalic
https://www.fusioncharts.com/dev/chart-guide/chart-configurations/trend-lines-and-zones#customize-the-trend-line-display-value-text	, trendValueAlpha
https://www.fusioncharts.com/dev/chart-guide/chart-configurations/trend-lines-and-zones#customize-the-trend-line-display-value-text	, trendValueBgColor
https://www.fusioncharts.com/dev/chart-guide/chart-configurations/trend-lines-and-zones#customize-the-trend-line-display-value-text	, trendValueBgAlpha
https://www.fusioncharts.com/dev/chart-guide/chart-configurations/trend-lines-and-zones#customize-the-trend-line-display-value-text	, trendValueBorderColor
https://www.fusioncharts.com/dev/chart-guide/chart-configurations/trend-lines-and-zones#customize-the-trend-line-display-value-text	, trendValueBorderAlpha
https://www.fusioncharts.com/dev/chart-guide/chart-configurations/trend-lines-and-zones#customize-the-trend-line-display-value-text	, trendValueBorderPadding
https://www.fusioncharts.com/dev/chart-guide/chart-configurations/trend-lines-and-zones#customize-the-trend-line-display-value-text	, trendValueBorderRadius
https://www.fusioncharts.com/dev/chart-guide/chart-configurations/trend-lines-and-zones#customize-the-trend-line-display-value-text	, trendValueBorderThickness
https://www.fusioncharts.com/dev/chart-guide/chart-configurations/trend-lines-and-zones#customize-the-trend-line-display-value-text	, trendValueBorderDashed
https://www.fusioncharts.com/dev/chart-guide/chart-configurations/trend-lines-and-zones#customize-the-trend-line-display-value-text	, trendValueBorderDashLen
https://www.fusioncharts.com/dev/chart-guide/chart-configurations/trend-lines-and-zones#customize-the-trend-line-display-value-text	, trendValueBorderDashGap
https://www.fusioncharts.com/dev/chart-guide/chart-configurations/trend-lines-and-zones#add-dashed-trend-lines	, dashed
https://www.fusioncharts.com/dev/chart-guide/chart-configurations/trend-lines-and-zones#add-dashed-trend-lines	, dashLen
https://www.fusioncharts.com/dev/chart-guide/chart-configurations/trend-lines-and-zones#add-dashed-trend-lines	, dashGap
https://www.fusioncharts.com/dev/chart-guide/chart-configurations/trend-lines-and-zones#add-slanted-trend-lines	, startValue
https://www.fusioncharts.com/dev/chart-guide/chart-configurations/trend-lines-and-zones#add-slanted-trend-lines	, endValue
https://www.fusioncharts.com/dev/chart-guide/chart-configurations/trend-lines-and-zones#configure-the-trend-line-label	, valueOnRight
https://www.fusioncharts.com/dev/chart-guide/chart-configurations/trend-lines-and-zones#add-trend-lines-for-a-dual-y-axis-chart	, parentYAxis
https://www.fusioncharts.com/dev/chart-guide/chart-configurations/anchors-and-lines#hide-anchors	, drawAnchors
https://www.fusioncharts.com/dev/chart-guide/chart-configurations/anchors-and-lines#customize-anchor-properties	, anchorSides
https://www.fusioncharts.com/dev/chart-guide/chart-configurations/anchors-and-lines#customize-anchor-properties	, anchorRadius
https://www.fusioncharts.com/dev/chart-guide/chart-configurations/anchors-and-lines#customize-anchor-properties	, anchorBorderColor
https://www.fusioncharts.com/dev/chart-guide/chart-configurations/anchors-and-lines#customize-anchor-properties	, anchorBorderThickness
https://www.fusioncharts.com/dev/chart-guide/chart-configurations/anchors-and-lines#customize-anchor-properties	, anchorBgColor
https://www.fusioncharts.com/dev/chart-guide/chart-configurations/anchors-and-lines#customize-anchor-properties	, anchorBgAlpha
https://www.fusioncharts.com/dev/chart-guide/chart-configurations/anchors-and-lines#add-external-images	, anchorImageUrl
https://www.fusioncharts.com/dev/chart-guide/chart-configurations/anchors-and-lines#add-external-images	, anchorImageAlpha
https://www.fusioncharts.com/dev/chart-guide/chart-configurations/anchors-and-lines#add-external-images	, anchorImageScale
https://www.fusioncharts.com/dev/chart-guide/chart-configurations/cross-line#show-hide-the-cross-line	, drawCrossLine
https://www.fusioncharts.com/dev/chart-guide/chart-configurations/cross-line#customize-cross-line-color	, crossLineColor
https://www.fusioncharts.com/dev/chart-guide/chart-configurations/cross-line#customize-cross-line-color	, crossLineAlpha
https://www.fusioncharts.com/dev/chart-guide/chart-configurations/cross-line#customize-cross-line-color	, crossLineAnimation
https://www.fusioncharts.com/dev/chart-guide/chart-configurations/cross-line#customize-cross-line-color	, crossLineAnimationDuration
https://www.fusioncharts.com/dev/chart-guide/chart-configurations/cross-line#set-tooltip-background-color	, plotColorInTooltip
https://www.fusioncharts.com/dev/chart-guide/chart-configurations/cross-line#set-tooltip-background-color	, tooltipGrayOutColor
https://www.fusioncharts.com/dev/chart-guide/chart-configurations/cross-line#set-tooltip-background-color	, toolTipBgColor
https://www.fusioncharts.com/dev/chart-guide/chart-configurations/cross-line#customize-tooltip-border	, toolTipBorderColor
https://www.fusioncharts.com/dev/chart-guide/chart-configurations/cross-line#customize-tooltip-border	, toolTipBorderThickness
https://www.fusioncharts.com/dev/chart-guide/chart-configurations/cross-line#set-separator-character-for-tooltip	, toolTipSepChar
https://www.fusioncharts.com/dev/chart-guide/chart-configurations/cross-line#show-hide-tooltip-shadow	, showTooltipShadow
https://www.fusioncharts.com/dev/chart-guide/chart-configurations/tool-tips#show-hide-tooltips	, showToolTip
https://www.fusioncharts.com/dev/chart-guide/chart-configurations/tool-tips#customize-tooltips	, toolTipBGColor
https://www.fusioncharts.com/dev/chart-guide/chart-configurations/tool-tips#customize-tooltips	, toolTipBorderColor
https://www.fusioncharts.com/dev/chart-guide/chart-configurations/tool-tips#customize-tooltips	, ToolTipSepChar
https://www.fusioncharts.com/dev/chart-guide/chart-configurations/tool-tips#customize-tooltips	, showTooltipShadow
https://www.fusioncharts.com/dev/chart-guide/chart-configurations/tool-tips#display-multiline-tooltip-text	, tooltext
https://www.fusioncharts.com/dev/chart-guide/chart-configurations/tool-tips#other-attributes	, plotToolText
https://www.fusioncharts.com/dev/chart-guide/chart-configurations/tool-tips#other-attributes	, displayValue
https://www.fusioncharts.com/dev/chart-guide/chart-configurations/tool-tips#other-attributes	, cumulativePlotTooltext
https://www.fusioncharts.com/dev/chart-guide/chart-configurations/tool-tips#other-attributes	, targetToolText
https://www.fusioncharts.com/dev/chart-guide/chart-configurations/tool-tips#other-attributes	, milestoneToolText
https://www.fusioncharts.com/dev/chart-guide/chart-configurations/tool-tips#other-attributes	, errorPlotToolText
https://www.fusioncharts.com/dev/chart-guide/chart-configurations/tool-tips#other-attributes	, horizontalErrorPlotToolText
https://www.fusioncharts.com/dev/chart-guide/chart-configurations/tool-tips#other-attributes	, verticalErrorPlotToolText
https://www.fusioncharts.com/dev/chart-guide/chart-configurations/tool-tips#other-attributes	, entityToolText
https://www.fusioncharts.com/dev/chart-guide/chart-configurations/tool-tips#other-attributes	, markerToolText
https://www.fusioncharts.com/dev/chart-guide/chart-configurations/tool-tips#other-attributes	, connectorToolText
https://www.fusioncharts.com/dev/chart-guide/chart-configurations/tool-tips#other-attributes	, outliersTooltext
https://www.fusioncharts.com/dev/chart-guide/chart-configurations/tool-tips#other-attributes	, meanTooltext
https://www.fusioncharts.com/dev/chart-guide/chart-configurations/tool-tips#other-attributes	, SDTooltext
https://www.fusioncharts.com/dev/chart-guide/chart-configurations/tool-tips#other-attributes	, QDTooltext
https://www.fusioncharts.com/dev/chart-guide/chart-configurations/tool-tips#other-attributes	, MDTooltext
https://www.fusioncharts.com/dev/chart-guide/chart-configurations/tool-tips#other-attributes	, trendlineToolText
https://www.fusioncharts.com/dev/chart-guide/chart-configurations/tool-tips#other-attributes	, cumulativePlotTooltext
https://www.fusioncharts.com/dev/chart-guide/chart-configurations/tool-tips#other-attributes	, targetToolText
https://www.fusioncharts.com/dev/chart-guide/chart-configurations/tool-tips#other-attributes	, milestoneToolText
https://www.fusioncharts.com/dev/chart-guide/chart-configurations/tool-tips#other-attributes	, errorPlotToolText
https://www.fusioncharts.com/dev/chart-guide/chart-configurations/tool-tips#other-attributes	, horizontalErrorPlotToolText
https://www.fusioncharts.com/dev/chart-guide/chart-configurations/tool-tips#other-attributes	, verticalErrorPlotToolText
https://www.fusioncharts.com/dev/chart-guide/chart-configurations/tool-tips#other-attributes	, entityToolText
https://www.fusioncharts.com/dev/chart-guide/chart-configurations/tool-tips#other-attributes	, markerToolText
https://www.fusioncharts.com/dev/chart-guide/chart-configurations/tool-tips#other-attributes	, connectorToolText
https://www.fusioncharts.com/dev/chart-guide/chart-configurations/tool-tips#other-attributes	, outliersTooltext
https://www.fusioncharts.com/dev/chart-guide/chart-configurations/tool-tips#other-attributes	, meanTooltext
https://www.fusioncharts.com/dev/chart-guide/chart-configurations/tool-tips#other-attributes	, SDTooltext
https://www.fusioncharts.com/dev/chart-guide/chart-configurations/tool-tips#other-attributes	, QDTooltext
https://www.fusioncharts.com/dev/chart-guide/chart-configurations/tool-tips#other-attributes	, MDTooltext
https://www.fusioncharts.com/dev/chart-guide/chart-configurations/vertical-lines#set-vertical-lines	, vLine
https://www.fusioncharts.com/dev/chart-guide/chart-configurations/vertical-lines#set-vertical-lines	, label
https://www.fusioncharts.com/dev/chart-guide/chart-configurations/vertical-lines#set-vertical-lines	, linePosition
https://www.fusioncharts.com/dev/chart-guide/chart-configurations/vertical-lines#configure-label-positions	, labelPosition
https://www.fusioncharts.com/dev/chart-guide/chart-configurations/vertical-lines#configure-label-alignment	, labelHAlign
https://www.fusioncharts.com/dev/chart-guide/chart-configurations/vertical-lines#configure-label-alignment	, labelVAlign
https://www.fusioncharts.com/dev/chart-guide/chart-configurations/vertical-lines#show-label-borders	, showVLineLabelBorder
https://www.fusioncharts.com/dev/chart-guide/chart-configurations/vertical-lines#show-label-borders	, showLabelBorder
https://www.fusioncharts.com/dev/chart-guide/chart-configurations/vertical-lines#customize-visual-properties	, color
https://www.fusioncharts.com/dev/chart-guide/chart-configurations/vertical-lines#customize-visual-properties	, thickness
https://www.fusioncharts.com/dev/chart-guide/chart-configurations/vertical-lines#customize-visual-properties	, alpha
https://www.fusioncharts.com/dev/chart-guide/chart-configurations/vertical-lines#customize-visual-properties	, dashed
https://www.fusioncharts.com/dev/chart-guide/chart-configurations/vertical-lines#customize-visual-properties	, dashLen
https://www.fusioncharts.com/dev/chart-guide/chart-configurations/vertical-lines#customize-visual-properties	, dashGap
https://www.fusioncharts.com/dev/chart-guide/chart-configurations/legend#show-hide-the-legends	, showLegend
https://www.fusioncharts.com/dev/chart-guide/chart-configurations/legend#show-hide-data-plots-via-the-legend	, interactiveLegend
https://www.fusioncharts.com/dev/chart-guide/chart-configurations/legend#highlight-a-data-series-via-the-legend	, plotHighlightEffect
https://www.fusioncharts.com/dev/chart-guide/chart-configurations/legend#customize-the-highlight-effect	, color
https://www.fusioncharts.com/dev/chart-guide/chart-configurations/legend#customize-the-highlight-effect	, alpha
https://www.fusioncharts.com/dev/chart-guide/chart-configurations/legend#customize-the-highlight-effect	, borderColor
https://www.fusioncharts.com/dev/chart-guide/chart-configurations/legend#customize-the-highlight-effect	, borderAlpha
https://www.fusioncharts.com/dev/chart-guide/chart-configurations/legend#customize-the-highlight-effect	, anchorBgColor
https://www.fusioncharts.com/dev/chart-guide/chart-configurations/legend#customize-the-highlight-effect	, anchorBgAlpha
https://www.fusioncharts.com/dev/chart-guide/chart-configurations/legend#customize-the-highlight-effect	, valueBgColor
https://www.fusioncharts.com/dev/chart-guide/chart-configurations/legend#customize-the-highlight-effect	, valueBorderColor
https://www.fusioncharts.com/dev/chart-guide/chart-configurations/legend#customize-the-highlight-effect	, valueFontColor
https://www.fusioncharts.com/dev/chart-guide/chart-configurations/legend#set-the-legend-position	, legendPosition
https://www.fusioncharts.com/dev/chart-guide/chart-configurations/legend#set-the-legend-position	, legendAllowDrag
https://www.fusioncharts.com/dev/chart-guide/chart-configurations/legend#configure-legend-icon-size	, legendIconScale
https://www.fusioncharts.com/dev/chart-guide/chart-configurations/legend#draw-a-custom-legend-icon-shape	, drawCustomLegendIcon
https://www.fusioncharts.com/dev/chart-guide/chart-configurations/legend#draw-a-custom-legend-icon-shape	, legendIconBgColor
https://www.fusioncharts.com/dev/chart-guide/chart-configurations/legend#draw-a-custom-legend-icon-shape	, legendIconAlpha
https://www.fusioncharts.com/dev/chart-guide/chart-configurations/legend#draw-a-custom-legend-icon-shape	, legendIconBgAlpha
https://www.fusioncharts.com/dev/chart-guide/chart-configurations/legend#draw-a-custom-legend-icon-shape	, legendIconBorderThickness
https://www.fusioncharts.com/dev/chart-guide/chart-configurations/legend#draw-a-custom-legend-icon-shape	, legendIconBorderColor
https://www.fusioncharts.com/dev/chart-guide/chart-configurations/legend#draw-a-custom-legend-icon-shape	, legendIconSides
https://www.fusioncharts.com/dev/chart-guide/chart-configurations/legend#draw-a-custom-legend-icon-shape	, legendIconStartAngle
https://www.fusioncharts.com/dev/chart-guide/chart-configurations/legend#customize-legend-scroll-bar	, legendScrollBgColor
https://www.fusioncharts.com/dev/chart-guide/chart-configurations/legend#reverse-legend-order	, reverseLegend
https://www.fusioncharts.com/dev/chart-guide/chart-configurations/legend#hide-data-series-upon-loading	, initiallyHidden
https://www.fusioncharts.com/dev/chart-guide/chart-configurations/legend#customize-legend-appearance	, legendBgColor
https://www.fusioncharts.com/dev/chart-guide/chart-configurations/legend#customize-legend-appearance	, legendBgAlpha
https://www.fusioncharts.com/dev/chart-guide/chart-configurations/legend#customize-legend-appearance	, legendBorderColor
https://www.fusioncharts.com/dev/chart-guide/chart-configurations/legend#customize-legend-appearance	, legendBorderThickness
https://www.fusioncharts.com/dev/chart-guide/chart-configurations/legend#customize-legend-appearance	, legendBorderAlpha
https://www.fusioncharts.com/dev/chart-guide/chart-configurations/legend#customize-legend-appearance	, legendShadow
https://www.fusioncharts.com/dev/chart-guide/chart-configurations/legend#customize-legend-appearance	, legendScrollBgColor
https://www.fusioncharts.com/dev/chart-guide/chart-configurations/legend#customize-legend-appearance	, legendCaptionAlignment
https://www.fusioncharts.com/dev/chart-guide/chart-configurations/legend#customize-legend-font-cosmetics	, legendItemFont
https://www.fusioncharts.com/dev/chart-guide/chart-configurations/legend#customize-legend-font-cosmetics	, legendItemFontSize
https://www.fusioncharts.com/dev/chart-guide/chart-configurations/legend#customize-legend-font-cosmetics	, legendItemFontColor
https://www.fusioncharts.com/dev/chart-guide/chart-configurations/legend#customize-legend-font-cosmetics	, legendItemFontBold
https://www.fusioncharts.com/dev/chart-guide/chart-configurations/legend#customize-legend-font-cosmetics	, legendItemHoverFontColor
https://www.fusioncharts.com/dev/chart-guide/chart-configurations/legend#customize-legend-font-cosmetics	, legendCaption
https://www.fusioncharts.com/dev/chart-guide/chart-configurations/legend#customize-legend-font-cosmetics	, legendCaptionFont
https://www.fusioncharts.com/dev/chart-guide/chart-configurations/legend#customize-legend-font-cosmetics	, legendCaptionFontSize
https://www.fusioncharts.com/dev/chart-guide/chart-configurations/legend#customize-legend-font-cosmetics	, legendCaptionFontColor
https://www.fusioncharts.com/dev/chart-guide/chart-configurations/legend#customize-legend-font-cosmetics	, legendCaptionBold
https://www.fusioncharts.com/dev/chart-guide/chart-configurations/annotations#create-text-annotations	, id
https://www.fusioncharts.com/dev/chart-guide/chart-configurations/annotations#create-text-annotations	, type
https://www.fusioncharts.com/dev/chart-guide/chart-configurations/annotations#create-text-annotations	, x
https://www.fusioncharts.com/dev/chart-guide/chart-configurations/annotations#create-text-annotations	, y
https://www.fusioncharts.com/dev/chart-guide/chart-configurations/annotations#create-text-annotations	, font
https://www.fusioncharts.com/dev/chart-guide/chart-configurations/annotations#create-text-annotations	, fontSize
https://www.fusioncharts.com/dev/chart-guide/chart-configurations/annotations#create-text-annotations	, align
https://www.fusioncharts.com/dev/chart-guide/chart-configurations/annotations#create-text-annotations	, vAlign
https://www.fusioncharts.com/dev/chart-guide/chart-configurations/annotations#create-text-annotations	, bold
https://www.fusioncharts.com/dev/chart-guide/chart-configurations/annotations#create-text-annotations	, italic
https://www.fusioncharts.com/dev/chart-guide/chart-configurations/annotations#create-text-annotations	, color
https://www.fusioncharts.com/dev/chart-guide/chart-configurations/annotations#create-text-annotations	, alpha
https://www.fusioncharts.com/dev/chart-guide/chart-configurations/annotations#create-text-annotations	, bgColor
https://www.fusioncharts.com/dev/chart-guide/chart-configurations/annotations#create-text-annotations	, leftMargin
https://www.fusioncharts.com/dev/chart-guide/chart-configurations/annotations#create-text-annotations	, rotateText
https://www.fusioncharts.com/dev/chart-guide/chart-configurations/annotations#create-text-annotations	, wrap
https://www.fusioncharts.com/dev/chart-guide/chart-configurations/annotations#create-text-annotations	, wrapWidth
https://www.fusioncharts.com/dev/chart-guide/chart-configurations/annotations#create-text-annotations	, toX
https://www.fusioncharts.com/dev/chart-guide/chart-configurations/annotations#create-text-annotations	, toY
https://www.fusioncharts.com/dev/chart-guide/chart-configurations/annotations#create-text-annotations	, wrapHeight
https://www.fusioncharts.com/dev/chart-guide/chart-configurations/annotations#create-image-annotations	, url
https://www.fusioncharts.com/dev/chart-guide/chart-configurations/annotations#create-image-annotations	, xScale
https://www.fusioncharts.com/dev/chart-guide/chart-configurations/annotations#create-image-annotations	, yScale
https://www.fusioncharts.com/dev/chart-guide/chart-configurations/annotations#common-attributes	, showBorder
https://www.fusioncharts.com/dev/chart-guide/chart-configurations/annotations#common-attributes	, borderColor
https://www.fusioncharts.com/dev/chart-guide/chart-configurations/annotations#common-attributes	, borderAlpha
https://www.fusioncharts.com/dev/chart-guide/chart-configurations/annotations#common-attributes	, borderThickness
https://www.fusioncharts.com/dev/chart-guide/chart-configurations/annotations#common-attributes	, dashed
https://www.fusioncharts.com/dev/chart-guide/chart-configurations/annotations#common-attributes	, dashLen
https://www.fusioncharts.com/dev/chart-guide/chart-configurations/annotations#common-attributes	, dashGap
https://www.fusioncharts.com/dev/chart-guide/chart-configurations/annotations#adhoc-attributes	, radius
https://www.fusioncharts.com/dev/chart-guide/chart-configurations/annotations#adhoc-attributes	, sides
https://www.fusioncharts.com/dev/chart-guide/chart-configurations/annotations#adhoc-attributes	, thickness
https://www.fusioncharts.com/dev/chart-guide/chart-configurations/annotations#adhoc-attributes	, yRadius
https://www.fusioncharts.com/dev/chart-guide/chart-configurations/annotations#adhoc-attributes	, innerRadius
https://www.fusioncharts.com/dev/chart-guide/chart-configurations/annotations#adhoc-attributes	, startAngle
https://www.fusioncharts.com/dev/chart-guide/chart-configurations/annotations#adhoc-attributes	, endAngle
https://www.fusioncharts.com/dev/chart-guide/chart-configurations/annotations#adhoc-attributes	, path
https://www.fusioncharts.com/dev/chart-guide/chart-configurations/annotations#adhoc-attributes	, origW
https://www.fusioncharts.com/dev/chart-guide/chart-configurations/annotations#adhoc-attributes	, origH
https://www.fusioncharts.com/dev/chart-guide/chart-configurations/annotations#adhoc-attributes	, xShift
https://www.fusioncharts.com/dev/chart-guide/chart-configurations/annotations#adhoc-attributes	, yShift
https://www.fusioncharts.com/dev/chart-guide/chart-configurations/annotations#adhoc-attributes	, autoScale
https://www.fusioncharts.com/dev/chart-guide/chart-configurations/annotations#adhoc-attributes	, constrainedScale
https://www.fusioncharts.com/dev/chart-guide/chart-configurations/annotations#adhoc-attributes	, scaleText
https://www.fusioncharts.com/dev/chart-guide/chart-configurations/annotations#adhoc-attributes	, scaleImages
https://www.fusioncharts.com/dev/chart-guide/chart-configurations/annotations#adhoc-attributes	, grpXShift
https://www.fusioncharts.com/dev/chart-guide/chart-configurations/annotations#adhoc-attributes	, grpYShift
https://www.fusioncharts.com/dev/chart-guide/chart-configurations/annotations#adhoc-attributes	, showBelow
https://www.fusioncharts.com/dev/chart-guide/chart-configurations/annotations#adhoc-attributes	, visible
https://www.fusioncharts.com/dev/chart-guide/chart-configurations/annotations#adhoc-attributes	, showShadow
https://www.fusioncharts.com/dev/chart-guide/chart-configurations/annotations#adhoc-attributes	, wrapText
https://www.fusioncharts.com/dev/chart-guide/chart-configurations/annotations#adhoc-attributes	, link
https://www.fusioncharts.com/dev/chart-guide/chart-configurations/annotations#adhoc-attributes	, fillColor
https://www.fusioncharts.com/dev/chart-guide/chart-configurations/annotations#adhoc-attributes	, fillAlpha
https://www.fusioncharts.com/dev/chart-guide/chart-configurations/annotations#adhoc-attributes	, fillRatio
https://www.fusioncharts.com/dev/chart-guide/chart-configurations/annotations#adhoc-attributes	, fillAngle
https://www.fusioncharts.com/dev/chart-guide/chart-configurations/tick-marks#show-hide-tick-marks	, showTickMarks
https://www.fusioncharts.com/dev/chart-guide/chart-configurations/tick-marks#show-hide-the-tick-values	, showTickValues
https://www.fusioncharts.com/dev/chart-guide/chart-configurations/tick-marks#show-hide-the-tick-values	, showLimits
https://www.fusioncharts.com/dev/chart-guide/chart-configurations/tick-marks#configure-the-tick-value-position	, placeTicksInside
https://www.fusioncharts.com/dev/chart-guide/chart-configurations/tick-marks#configure-the-tick-value-position	, placeValuesInside
https://www.fusioncharts.com/dev/chart-guide/chart-configurations/tick-marks#tick-value-position-of-horizontal-gauges	, ticksBelowGauge
https://www.fusioncharts.com/dev/chart-guide/chart-configurations/tick-marks#tick-value-position-of-vertical-gauges	, ticksOnRight
https://www.fusioncharts.com/dev/chart-guide/chart-configurations/tick-marks#display-every-nth-tick-mark-value	, tickValueStep
https://www.fusioncharts.com/dev/chart-guide/chart-configurations/tick-marks#show-tick-values-in-decimals	, tickValuDecimals
https://www.fusioncharts.com/dev/chart-guide/chart-configurations/tick-marks#show-tick-values-in-decimals	, forceTickValueDecimals
https://www.fusioncharts.com/dev/chart-guide/chart-configurations/tick-marks#configure-tick-mark-and-tick-value-padding	, tickMarkDistance
https://www.fusioncharts.com/dev/chart-guide/chart-configurations/tick-marks#configure-tick-mark-and-tick-value-padding	, tickValueDistance
https://www.fusioncharts.com/dev/chart-guide/chart-configurations/tick-marks#set-the-number-of-major-and-minor-tick-marks	, adjustTM
https://www.fusioncharts.com/dev/chart-guide/chart-configurations/tick-marks#set-the-number-of-major-and-minor-tick-marks	, majorTMNumber
https://www.fusioncharts.com/dev/chart-guide/chart-configurations/tick-marks#set-the-number-of-major-and-minor-tick-marks	, minorTMNumber
https://www.fusioncharts.com/dev/chart-guide/chart-configurations/tick-marks#configure-visuals-of-tick-marks	, majorTMColor
https://www.fusioncharts.com/dev/chart-guide/chart-configurations/tick-marks#configure-visuals-of-tick-marks	, minorTMColor
https://www.fusioncharts.com/dev/chart-guide/chart-configurations/tick-marks#configure-visuals-of-tick-marks	, majorTMAlpha
https://www.fusioncharts.com/dev/chart-guide/chart-configurations/tick-marks#configure-visuals-of-tick-marks	, minorTMAlpha
https://www.fusioncharts.com/dev/chart-guide/chart-configurations/tick-marks#configure-visuals-of-tick-marks	, majorTMHeight
https://www.fusioncharts.com/dev/chart-guide/chart-configurations/tick-marks#configure-visuals-of-tick-marks	, minorTMHeight
https://www.fusioncharts.com/dev/chart-guide/chart-configurations/tick-marks#configure-visuals-of-tick-marks	, majorTMThickness
https://www.fusioncharts.com/dev/chart-guide/chart-configurations/tick-marks#configure-visuals-of-tick-marks	, minorTMThickness
https://www.fusioncharts.com/dev/chart-guide/chart-configurations/loading-external-logo#add-an-external-logo	, logoURL
https://www.fusioncharts.com/dev/chart-guide/chart-configurations/loading-external-logo#configure-the-external-logo	, logoAlpha
https://www.fusioncharts.com/dev/chart-guide/chart-configurations/loading-external-logo#configure-the-external-logo	, logoScale
https://www.fusioncharts.com/dev/chart-guide/chart-configurations/loading-external-logo#configure-the-external-logo	, logoPosition
https://www.fusioncharts.com/dev/chart-guide/chart-configurations/loading-external-logo#link-logo-to-an-external-url	, logoLink
https://www.fusioncharts.com/dev/chart-guide/chart-configurations/chart-paddings-and-margins#set-chart-margins	, chartLeftMargin
https://www.fusioncharts.com/dev/chart-guide/chart-configurations/chart-paddings-and-margins#set-chart-margins	, chartTopMargin
https://www.fusioncharts.com/dev/chart-guide/chart-configurations/chart-paddings-and-margins#set-chart-margins	, chartRightMargin
https://www.fusioncharts.com/dev/chart-guide/chart-configurations/chart-paddings-and-margins#set-chart-margins	, chartBottomMargin
https://www.fusioncharts.com/dev/chart-guide/chart-configurations/chart-paddings-and-margins#set-padding-for-caption	, captionPadding
https://www.fusioncharts.com/dev/chart-guide/chart-configurations/chart-paddings-and-margins#set-padding-for-axes-names	, xAxisNamePadding
https://www.fusioncharts.com/dev/chart-guide/chart-configurations/chart-paddings-and-margins#set-padding-for-axes-names	, yAxisNamePadding
https://www.fusioncharts.com/dev/chart-guide/chart-configurations/chart-paddings-and-margins#set-padding-for-axis-values	, yAxisValuePadding
https://www.fusioncharts.com/dev/chart-guide/chart-configurations/chart-paddings-and-margins#set-padding-for-data-label	, labelPadding
https://www.fusioncharts.com/dev/chart-guide/chart-configurations/chart-paddings-and-margins#set-padding-for-data-value	, valuePadding
https://www.fusioncharts.com/dev/chart-guide/chart-configurations/chart-paddings-and-margins#set-canvas-padding	, canvasPadding
https://www.fusioncharts.com/dev/chart-guide/chart-configurations/toolbar	, checkBoxColor
https://www.fusioncharts.com/dev/chart-guide/chart-configurations/drill-down#simple-links	, link
https://www.fusioncharts.com/dev/chart-guide/chart-configurations/drill-down#simple-links	, unescapeLinks
https://www.fusioncharts.com/dev/chart-guide/chart-configurations/drill-down#in-a-pop-up-window	, height
https://www.fusioncharts.com/dev/chart-guide/chart-configurations/drill-down#in-a-pop-up-window	, width
https://www.fusioncharts.com/dev/chart-guide/chart-configurations/drill-down#in-a-pop-up-window	, resizable
https://www.fusioncharts.com/dev/chart-guide/chart-configurations/drill-down#in-a-pop-up-window	, scrollbars
https://www.fusioncharts.com/dev/chart-guide/chart-configurations/drill-down#in-a-pop-up-window	, menubar
https://www.fusioncharts.com/dev/chart-guide/chart-configurations/drill-down#in-a-pop-up-window	, toolbar
https://www.fusioncharts.com/dev/chart-guide/chart-configurations/drill-down#in-a-pop-up-window	, location
https://www.fusioncharts.com/dev/chart-guide/chart-configurations/drill-down#in-a-pop-up-window	, directories
https://www.fusioncharts.com/dev/chart-guide/chart-configurations/drill-down#in-a-pop-up-window	, status
https://www.fusioncharts.com/dev/chart-guide/chart-configurations/drill-down#in-a-pop-up-window	, left
https://www.fusioncharts.com/dev/chart-guide/chart-configurations/drill-down#in-a-pop-up-window	, top
https://www.fusioncharts.com/dev/chart-guide/chart-configurations/drill-down#in-a-pop-up-window	, fullscreen
https://www.fusioncharts.com/dev/chart-guide/chart-configurations/drill-down#in-a-pop-up-window	, screenX
https://www.fusioncharts.com/dev/chart-guide/chart-configurations/drill-down#in-a-pop-up-window	, screenY
https://www.fusioncharts.com/dev/chart-guide/chart-configurations/drill-down#in-a-pop-up-window	, detailsWin
https://www.fusioncharts.com/dev/chart-guide/chart-configurations/drill-down#set-the-chart-as-a-hotspot	, clickURL
https://www.fusioncharts.com/dev/chart-guide/chart-configurations/drill-down#chart-links-linked-charts-	, jsonurl
https://www.fusioncharts.com/dev/chart-guide/chart-configurations/drill-down#chart-links-linked-charts-	, xmlurl
https://www.fusioncharts.com/dev/chart-guide/chart-configurations/drill-down#chart-links-linked-charts-	, dataformat
https://www.fusioncharts.com/dev/chart-guide/chart-configurations/drill-down#chart-links-linked-charts-	, datasource
