/chart-guide/standard-charts/line-area-and-column-charts,"single series, column2d, column"
/chart-guide/standard-charts/line-area-and-column-charts#column-2d-chart,"single series, column2d, column"
/chart-guide/standard-charts/line-area-and-column-charts#column-3d-chart,"single series, column3d, column"
/chart-guide/standard-charts/line-area-and-column-charts#bar-2d-chart,"single series, bar2d, bar"
/chart-guide/standard-charts/line-area-and-column-charts#bar-3d-chart,"single series, bar, bar3d"
/chart-guide/standard-charts/line-area-and-column-charts#line-chart, "single series, line, line2d"
/chart-guide/standard-charts/line-area-and-column-charts#area-chart,"single series, area, area2d"
/chart-guide/standard-charts/line-area-and-column-charts#plot-trend-elements,
/chart-guide/standard-charts/line-area-and-column-charts#plot-vertical-line-elements,
/chart-guide/standard-charts/line-area-and-column-charts#change-chart-type,
/chart-guide/standard-charts/line-area-and-column-charts#data-skipping,
,
/chart-guide/standard-charts/pie-and-doughnut-charts,single series
/chart-guide/standard-charts/pie-and-doughnut-charts#pie-2d-chart,"single series, pie, pie2d"
/chart-guide/standard-charts/pie-and-doughnut-charts#pie-3d-chart,"single series, pie, pie3d"
/chart-guide/standard-charts/pie-and-doughnut-charts#doughnut-2d-chart,"single series, doughnut, doughnut2d"
/chart-guide/standard-charts/pie-and-doughnut-charts#doughnut-3d-chart,"single series, doughnut, doughnut3d"
/chart-guide/standard-charts/pie-and-doughnut-charts#configure-the-animation-direction,
/chart-guide/standard-charts/pie-and-doughnut-charts#show-percent-values-and-actual-values,
/chart-guide/standard-charts/pie-and-doughnut-charts#customize-the-center-label-for-a-doughnut-chart,
/chart-guide/standard-charts/pie-and-doughnut-charts#enable-single-slice-slicing,
/chart-guide/standard-charts/pie-and-doughnut-charts#disable-smart-labels-and-lines,
/chart-guide/standard-charts/pie-and-doughnut-charts#customize-smart-lines,
/chart-guide/standard-charts/pie-and-doughnut-charts#configuring-the-label-distance-and-clearance,
/chart-guide/standard-charts/pie-and-doughnut-charts#skip-overlap-labels,
/chart-guide/standard-charts/pie-and-doughnut-charts#customize-pie-radius,
/chart-guide/standard-charts/pie-and-doughnut-charts#set-the-starting-angle,
/chart-guide/standard-charts/pie-and-doughnut-charts#slice-a-pie-doughnut,
/chart-guide/standard-charts/pie-and-doughnut-charts#configure-the-slicing-distance,
/chart-guide/standard-charts/pie-and-doughnut-charts#configure-the-bevel-effect,
,
/chart-guide/standard-charts/multi-series-charts,
/chart-guide/standard-charts/multi-series-charts#multi-series-column-2d-chart,"multi series, mscolumn, mscolumn2d"
/chart-guide/standard-charts/multi-series-charts#multi-series-column-3d-chart,"multi series, mscolumn, mscolumn3d"
/chart-guide/standard-charts/multi-series-charts#multi-series-bar-2d-chart,"multi series, msbar, msbar2d"
/chart-guide/standard-charts/multi-series-charts#multi-series-bar-3d-chart,"multi series, msbar, msbar3d"
/chart-guide/standard-charts/multi-series-charts#multi-series-line-chart,"multi series, msline"
/chart-guide/standard-charts/multi-series-charts#multi-series-area-chart,"multi series, msarea"
,
/chart-guide/standard-charts/overlapped-column-and-bar-charts,
/chart-guide/standard-charts/overlapped-column-and-bar-charts#overlapped-column-2d-chart,
/chart-guide/standard-charts/overlapped-column-and-bar-charts#overlapped-bar-2d-chart,
,
/chart-guide/standard-charts/combination-charts,
/chart-guide/standard-charts/combination-charts#2d-single-y-axis-combination-chart,
/chart-guide/standard-charts/combination-charts#3d-single-y-axis-combination-chart,
/chart-guide/standard-charts/combination-charts#2d-dual-y-axis-combination-chart,
/chart-guide/standard-charts/combination-charts#column-3d-line-single-y-axis-chart,
/chart-guide/standard-charts/combination-charts#column-3d-line-dual-y-axis-chart,
/chart-guide/standard-charts/combination-charts#stacked-column-2d-line-single-y-axis-chart,
/chart-guide/standard-charts/combination-charts#stacked-column-3d-line-single-y-axis-chart,
/chart-guide/standard-charts/combination-charts#stacked-column-3d-line-dual-y-axis-chart,
/chart-guide/standard-charts/combination-charts#multi-series-stacked-column-2d-line-dual-y-axis-chart,
/chart-guide/standard-charts/combination-charts#plot-trend-elements,
/chart-guide/standard-charts/combination-charts#placing-the-secondary-axis-on-the-left,
,
/chart-guide/standard-charts/stacked-charts,
/chart-guide/standard-charts/stacked-charts#stacked-column-2d-chart,
/chart-guide/standard-charts/stacked-charts#stacked-column-3d-chart,
/chart-guide/standard-charts/stacked-charts#stacked-area-2d-chart,
/chart-guide/standard-charts/stacked-charts#stacked-bar-2d-chart,
/chart-guide/standard-charts/stacked-charts#stacked-bar-3d-chart,
/chart-guide/standard-charts/stacked-charts#display-the-cumulative-sum,
/chart-guide/standard-charts/stacked-charts#create-100-stacked-charts,
/chart-guide/standard-charts/stacked-charts#show-percent-values-in-tool-tips,
,
/chart-guide/standard-charts/scroll-charts,
/chart-guide/standard-charts/scroll-charts#scroll-column-2d-chart,
/chart-guide/standard-charts/scroll-charts#scroll-line-2d-chart,
/chart-guide/standard-charts/scroll-charts#scroll-area-2d-chart,
/chart-guide/standard-charts/scroll-charts#scroll-stacked-column-2d-chart,
/chart-guide/standard-charts/scroll-charts#scroll-combination-2d-chart,
/chart-guide/standard-charts/scroll-charts#scroll-combination-2d-dual-y-axis-chart,
/chart-guide/standard-charts/scroll-charts#configure-the-number-of-visible-data-plots,
/chart-guide/standard-charts/scroll-charts#render-a-scroll-bar-with-gradient-effect,
/chart-guide/standard-charts/scroll-charts#customizing-the-scroll-bar,
,
/chart-guide/standard-charts/bubble-and-xy-charts,
/chart-guide/standard-charts/bubble-and-xy-charts#scatter-chart,
/chart-guide/standard-charts/bubble-and-xy-charts#bubble-charts,
/chart-guide/standard-charts/bubble-and-xy-charts#display-value-labels-on-bubbles,
/chart-guide/standard-charts/bubble-and-xy-charts#segment-the-x-axis-into-categorical-zones,
/chart-guide/standard-charts/bubble-and-xy-charts#configure-x-axis-labels,
/chart-guide/standard-charts/bubble-and-xy-charts#configure-the-x-axis-vertical-divisional-lines,
/chart-guide/standard-charts/bubble-and-xy-charts#connect-scatter-plots-by-a-line,
/chart-guide/standard-charts/bubble-and-xy-charts#draw-regression-lines,
/chart-guide/standard-charts/bubble-and-xy-charts#draw-quadrants,
/chart-guide/standard-charts/bubble-and-xy-charts#display-quadrant-labels,
/chart-guide/standard-charts/bubble-and-xy-charts#customize-quadrant-labels,
/chart-guide/standard-charts/bubble-and-xy-charts#customize-quadrant-lines,
,
/chart-guide/standard-charts/pareto-charts,
/chart-guide/standard-charts/pareto-charts#pareto-2d,
/chart-guide/standard-charts/pareto-charts#pareto-3d,
/chart-guide/standard-charts/pareto-charts#display-values-for-the-line-series,
/chart-guide/standard-charts/pareto-charts#customize-the-line-dataset,
/chart-guide/standard-charts/pareto-charts#hide-secondary-axis-values,
,
/chart-guide/standard-charts/marimekko-chart,
/chart-guide/standard-charts/marimekko-chart#create-a-marimekko-chart,
/chart-guide/standard-charts/marimekko-chart#display-actual-data-values,
/chart-guide/standard-charts/marimekko-chart#hide-the-total-value-of-market-segments,
/chart-guide/standard-charts/marimekko-chart#percentage-market-share-values,
/chart-guide/standard-charts/marimekko-chart#legend-interactivity,
,
/chart-guide/standard-charts/treemap,
/chart-guide/standard-charts/treemap#applications-of-a-treemap,
/chart-guide/standard-charts/treemap#visualization-of-a-treemap,
/chart-guide/standard-charts/treemap#how-to-build-a-good-treemap,
/chart-guide/standard-charts/treemap#important-concepts-related-to-the-treemap,
/chart-guide/standard-charts/treemap#interact-with-a-treemap,
/chart-guide/standard-charts/treemap#create-a-simple-treemap,
/chart-guide/standard-charts/treemap#render-a-gradient-legend,
/chart-guide/standard-charts/treemap#set-tiling-algorithm-for-the-treemap,
/chart-guide/standard-charts/treemap#configure-the-treemap,
/chart-guide/standard-charts/treemap#customize-individual-data-plots,
/chart-guide/standard-charts/treemap#customize-chart-text,
/chart-guide/standard-charts/treemap#customize-data-labels,
/chart-guide/standard-charts/treemap#apply-a-glow-effect-to-data-labels,
/chart-guide/standard-charts/treemap#use-events-in-the-treemap,
,
/chart-guide/standard-charts/heat-map-chart,
/chart-guide/standard-charts/heat-map-chart#basics-of-a-heat-map-chart,
/chart-guide/standard-charts/heat-map-chart#features-of-a-heat-map-chart,
/chart-guide/standard-charts/heat-map-chart#types-of-heat-map-charts,
/chart-guide/standard-charts/heat-map-chart#legends-in-heat-map-charts,
/chart-guide/standard-charts/heat-map-chart#create-numeric-heat-map-charts,
/chart-guide/standard-charts/heat-map-chart#define-the-order-of-rows-and-columns,
/chart-guide/standard-charts/heat-map-chart#configure-colors-for-individual-cells,
/chart-guide/standard-charts/heat-map-chart#create-category-based-heat-map-charts,
/chart-guide/standard-charts/heat-map-chart#legend-options,
/chart-guide/standard-charts/heat-map-chart#create-a-gradient-legend,
/chart-guide/standard-charts/heat-map-chart#configure-labels-and-tooltips,
/chart-guide/standard-charts/heat-map-chart#handle-out-of-range-data,
/chart-guide/standard-charts/heat-map-chart#map-data-by-percentage,
,
/chart-guide/standard-charts/gantt-chart,
/chart-guide/standard-charts/gantt-chart#basics-of-the-gantt-chart,
/chart-guide/standard-charts/gantt-chart#features-of-the-gantt-chart,
/chart-guide/standard-charts/gantt-chart#elements-of-the-gantt-chart,
/chart-guide/standard-charts/gantt-chart#categories-and-subcategories-dates-,
/chart-guide/standard-charts/gantt-chart#process-names,
/chart-guide/standard-charts/gantt-chart#data-table-to-show-additional-data-columns,
/chart-guide/standard-charts/gantt-chart#task-bars,
/chart-guide/standard-charts/gantt-chart#milestones,
/chart-guide/standard-charts/gantt-chart#task-connectors,
/chart-guide/standard-charts/gantt-chart#trend-lines,
/chart-guide/standard-charts/gantt-chart#legend,
/chart-guide/standard-charts/gantt-chart#vertical-scroll-bar,
/chart-guide/standard-charts/gantt-chart#create-a-simple-gantt-chart,
/chart-guide/standard-charts/gantt-chart#define-and-show-hide-task-labels,
/chart-guide/standard-charts/gantt-chart#show-hide-task-start-and-end-dates,
/chart-guide/standard-charts/gantt-chart#add-and-customize-the-process-header,
/chart-guide/standard-charts/gantt-chart#add-more-columns-to-the-data-table,
/chart-guide/standard-charts/gantt-chart#customize-the-hover-effect,
/chart-guide/standard-charts/gantt-chart#disable-hover-effects,
/chart-guide/standard-charts/gantt-chart#configure-task-bars,
/chart-guide/standard-charts/gantt-chart#configure-date-formats,
/chart-guide/standard-charts/gantt-chart#add-scroll-to-chart,
/chart-guide/standard-charts/gantt-chart#add-multiple-tasks-to-a-process,
/chart-guide/standard-charts/gantt-chart#create-time-based-charts,
/chart-guide/standard-charts/gantt-chart#create-date-time-based-charts,
/chart-guide/standard-charts/gantt-chart#add-milestones-to-a-chart,
/chart-guide/standard-charts/gantt-chart#connect-tasks-on-chart,
/chart-guide/standard-charts/gantt-chart#add-trend-lines,
/chart-guide/standard-charts/gantt-chart#events-in-gantt-chart,
,
/chart-guide/standard-charts/zoom-line-charts,
/chart-guide/standard-charts/zoom-line-charts#create-a-zoomline-chart,
/chart-guide/standard-charts/zoom-line-charts#create-a-zoom-line-dual-y-axis-chart,
/chart-guide/standard-charts/zoom-line-charts#limit-the-number-of-data-labels,
/chart-guide/standard-charts/zoom-line-charts#set-the-distance-between-the-data-plots,
/chart-guide/standard-charts/zoom-line-charts#set-the-criteria-for-anchor-display,
/chart-guide/standard-charts/zoom-line-charts#pre-select-the-number-of-visible-data-plots,
/chart-guide/standard-charts/zoom-line-charts#customize-the-appearance-of-a-zoom-line-chart,
/chart-guide/standard-charts/zoom-line-charts#customize-the-peak-data-limits,
,
/chart-guide/standard-charts/drag-able-charts,
/chart-guide/standard-charts/drag-able-charts#drag-able-column-2d-chart,
/chart-guide/standard-charts/drag-able-charts#drag-able-line-2d-chart,
/chart-guide/standard-charts/drag-able-charts#drag-able-area-2d-chart,
/chart-guide/standard-charts/drag-able-charts#change-axis-limits,
/chart-guide/standard-charts/drag-able-charts#manage-chart-limits-using-javascript-api,
/chart-guide/standard-charts/drag-able-charts#snap-to-the-nearest-divisional-lines,
/chart-guide/standard-charts/drag-able-charts#retrieve-a-dataset,
/chart-guide/standard-charts/drag-able-charts#retrieve-data-using-getdatawithid-function,
/chart-guide/standard-charts/drag-able-charts#retrieve-data-using-getdata-function,
,
/chart-guide/standard-charts/select-scatter-chart,
/chart-guide/standard-charts/select-scatter-chart#select-set-of-points,
/chart-guide/standard-charts/select-scatter-chart#get-selected-data,
/chart-guide/standard-charts/select-scatter-chart#read-json-data-from-the-chart,
/chart-guide/standard-charts/select-scatter-chart#draw-regression-lines,
,
/chart-guide/standard-charts/zoom-scatter-chart,
/chart-guide/standard-charts/zoom-scatter-chart#create-a-zoom-scatter-chart,
/chart-guide/standard-charts/zoom-scatter-chart#the-zoom-scatter-chart-toolbar,
/chart-guide/standard-charts/zoom-scatter-chart#draw-regression-lines,
,
/chart-guide/standard-charts/radar-chart,
,
/chart-guide/standard-charts/funnel-chart,
/chart-guide/standard-charts/funnel-chart#salient-features,
/chart-guide/standard-charts/funnel-chart#create-a-funnel-chart,
/chart-guide/standard-charts/funnel-chart#draw-a-2d-funnel-chart-with-customized-borders,
/chart-guide/standard-charts/funnel-chart#show-labels-at-the-center-of-the-chart,
/chart-guide/standard-charts/funnel-chart#show-labels-in-the-legend,
/chart-guide/standard-charts/funnel-chart#configure-the-position-of-the-legend-box,
/chart-guide/standard-charts/funnel-chart#draw-filled-funnel-slices-in-3d-mode-,
/chart-guide/standard-charts/funnel-chart#draw-all-slices-with-the-same-slant-angle,
/chart-guide/standard-charts/funnel-chart#show-values-as-percentage-of-the-previous-value,
/chart-guide/standard-charts/funnel-chart#slice-out-individual-funnel-slices,
/chart-guide/standard-charts/funnel-chart#configure-hover-effects,
,
/chart-guide/standard-charts/pyramid-chart,
/chart-guide/standard-charts/pyramid-chart#salient-features,
/chart-guide/standard-charts/pyramid-chart#create-a-simple-pyramid-chart,
/chart-guide/standard-charts/pyramid-chart#draw-a-2d-pyramid-and-customize-border-properties,
/chart-guide/standard-charts/pyramid-chart#show-labels-at-the-center-of-the-chart,
/chart-guide/standard-charts/pyramid-chart#show-labels-in-the-legend-of-the-chart,
/chart-guide/standard-charts/pyramid-chart#configure-the-position-of-the-legend-box,
/chart-guide/standard-charts/pyramid-chart#show-data-values-as-percentage,
/chart-guide/standard-charts/pyramid-chart#slice-out-individual-pyramid-slices,
/chart-guide/standard-charts/pyramid-chart#configure-hover-effects,
,
/chart-guide/standard-charts/bullet-graphs,
/chart-guide/standard-charts/bullet-graphs#basics-of-bullet-graphs,
/chart-guide/standard-charts/bullet-graphs#types-of-bullet-graphs,
/chart-guide/standard-charts/bullet-graphs#features-of-bullet-graphs,
/chart-guide/standard-charts/bullet-graphs#create-bullet-graphs,
/chart-guide/standard-charts/bullet-graphs#customize-color-properties,
/chart-guide/standard-charts/bullet-graphs#customize-border-cosmetics,
/chart-guide/standard-charts/bullet-graphs#customize-the-plot-and-target-width-height,
/chart-guide/standard-charts/bullet-graphs#configure-color,
/chart-guide/standard-charts/bullet-graphs#configure-shadow,
/chart-guide/standard-charts/bullet-graphs#customize-tick-value-visibility-and-position,
/chart-guide/standard-charts/bullet-graphs#customize-the-number-and-cosmetics-of-major-and-minor-tick-marks,
/chart-guide/standard-charts/bullet-graphs#render-a-dot-as-the-plot-instead-of-a-filled-bar,
/chart-guide/standard-charts/bullet-graphs#show-hide-chart-value,
/chart-guide/standard-charts/bullet-graphs#configure-hover-effects,
/chart-guide/standard-charts/bullet-graphs#real-time-bullet-graph,
/chart-guide/standard-charts/bullet-graphs#configure-real-time-updates-using-server-side-scripts,
/chart-guide/standard-charts/bullet-graphs#stop-restart-updates,
/chart-guide/standard-charts/bullet-graphs#configure-real-time-events,
,
/chart-guide/standard-charts/multi-axis-line-chart,
/chart-guide/standard-charts/multi-axis-line-chart#features,
/chart-guide/standard-charts/multi-axis-line-chart#create-a-multi-axis-line-chart,
,
/chart-guide/standard-charts/multi-level-pie-chart,
/chart-guide/standard-charts/multi-level-pie-chart#configure-highlight-effect,
/chart-guide/standard-charts/multi-level-pie-chart#configure-inner-radius,
/chart-guide/standard-charts/multi-level-pie-chart#export-multi-level-pie-chart-in-csv-or-xls-formats,
,
/chart-guide/standard-charts/candlestick-chart,
/chart-guide/standard-charts/candlestick-chart#create-a-candlestick-chart,
/chart-guide/standard-charts/candlestick-chart#set-a-chart-type-for-the-price-chart,
/chart-guide/standard-charts/candlestick-chart#set-the-price-to-plot-for-the-line-price-chart,
/chart-guide/standard-charts/candlestick-chart#show-hide-the-volume-chart,
/chart-guide/standard-charts/candlestick-chart#configure-trend-sets-and-trend-lines,
,
/chart-guide/standard-charts/waterfall-chart,
/chart-guide/standard-charts/waterfall-chart#customize-colors-for-the-columns,
/chart-guide/standard-charts/waterfall-chart#show-hide-sum-columns,
/chart-guide/standard-charts/waterfall-chart#customize-connectors,
,
/chart-guide/standard-charts/box-and-whisker-chart,
/chart-guide/standard-charts/box-and-whisker-chart#features,
/chart-guide/standard-charts/box-and-whisker-chart#five-number-summary-principle,
/chart-guide/standard-charts/box-and-whisker-chart#create-a-chart,
/chart-guide/standard-charts/box-and-whisker-chart#add-legends-to-the-chart,
/chart-guide/standard-charts/box-and-whisker-chart#configure-the-five-summary-numbers,
/chart-guide/standard-charts/box-and-whisker-chart#configure-mean,
/chart-guide/standard-charts/box-and-whisker-chart#configure-mean-deviation,
/chart-guide/standard-charts/box-and-whisker-chart#configure-standard-deviation,
/chart-guide/standard-charts/box-and-whisker-chart#configuring-quartile-deviation,
/chart-guide/standard-charts/box-and-whisker-chart#configuring-outliers,
,
/chart-guide/standard-charts/error-charts,
/chart-guide/standard-charts/error-charts#use-of-error-charts,
/chart-guide/standard-charts/error-charts#types-of-error-charts,
/chart-guide/standard-charts/error-charts#features-of-error-charts,
/chart-guide/standard-charts/error-charts#error-bar-chart,
/chart-guide/standard-charts/error-charts#error-line-chart,
/chart-guide/standard-charts/error-charts#error-scatter-chart,
/chart-guide/standard-charts/error-charts#customize-error-charts,
,
/chart-guide/standard-charts/spline-charts,
/chart-guide/standard-charts/spline-charts#single-series-spline-2d-chart,
/chart-guide/standard-charts/spline-charts#multi-series-spline-chart,
/chart-guide/standard-charts/spline-charts#multi-series-spline-area-2d,
/chart-guide/standard-charts/spline-charts#single-series-spline-area-2d-chart,
,
/chart-guide/standard-charts/inverse-y-axis-chart,
/chart-guide/standard-charts/inverse-y-axis-chart#inverse-y-axis-column-chart,
/chart-guide/standard-charts/inverse-y-axis-chart#inverse-y-axis-area-chart,
/chart-guide/standard-charts/inverse-y-axis-chart#inverse-y-axis-line-chart,
,
/chart-guide/standard-charts/logarithmic-charts,
/chart-guide/standard-charts/logarithmic-charts#types,
/chart-guide/standard-charts/logarithmic-charts#features,
/chart-guide/standard-charts/logarithmic-charts#log-column-2d-chart,
/chart-guide/standard-charts/logarithmic-charts#log-line-2d-chart,
/chart-guide/standard-charts/logarithmic-charts#custom-selection-of-base,
/chart-guide/standard-charts/logarithmic-charts#inverse-axis-support,
/chart-guide/standard-charts/logarithmic-charts#custom-selection-of-minor-divisional-lines,
,
/chart-guide/standard-charts/step-line-chart,
/chart-guide/standard-charts/step-line-chart#hide-the-vertical-lines,
/chart-guide/standard-charts/step-line-chart#use-forward-steps,
,
/chart-guide/standard-charts/kagi-chart,
,
/chart-guide/standard-charts/spark-charts,
/chart-guide/standard-charts/spark-charts#salient-features,
/chart-guide/standard-charts/spark-charts#types-of-spark-charts,
/chart-guide/standard-charts/spark-charts#create-a-spark-line-chart,
/chart-guide/standard-charts/spark-charts#define-period-blocks-for-the-chart,
/chart-guide/standard-charts/spark-charts#configure-open-close-high-and-low-points,
/chart-guide/standard-charts/spark-charts#show-selective-points,
/chart-guide/standard-charts/spark-charts#show-hide-anchor-point-values,
/chart-guide/standard-charts/spark-charts#configure-line-and-anchor-cosmetics,
/chart-guide/standard-charts/spark-charts#configure-anchor-cosmetics,
/chart-guide/standard-charts/spark-charts#show-only-points-but-no-lines,
/chart-guide/standard-charts/spark-charts#create-a-spark-column-chart,
/chart-guide/standard-charts/spark-charts#configure-period-blocks-for-the-chart,
/chart-guide/standard-charts/spark-charts#configure-the-high-and-low-columns,
/chart-guide/standard-charts/spark-charts#add-trend-lines,
/chart-guide/standard-charts/spark-charts#customize-trend-lines,
/chart-guide/standard-charts/spark-charts#add-trend-zones,
/chart-guide/standard-charts/spark-charts#configure-hover-effects-for-the-chart,
/chart-guide/standard-charts/spark-charts#create-spark-win-loss-charts,
/chart-guide/standard-charts/spark-charts#configure-period-blocks,
/chart-guide/standard-charts/spark-charts#configure-win-loss-and-draw-colors,
/chart-guide/standard-charts/spark-charts#configure-colors-to-show-scoreless-matches,
/chart-guide/standard-charts/spark-charts#show-hide-chart-values,
/chart-guide/standard-charts/spark-charts#configure-hover-effects,
,
/chart-guide/standard-charts/drag-node-chart,
/chart-guide/standard-charts/drag-node-chart#features-of-a-drag-node-chart,
/chart-guide/standard-charts/drag-node-chart#configure-drag-node-charts,
/chart-guide/standard-charts/drag-node-chart#add-and-edit-nodes,
/chart-guide/standard-charts/drag-node-chart#customize-chart-by-trapping-raised-event,
/chart-guide/standard-charts/drag-node-chart#edit-a-node-at-runtime,
/chart-guide/standard-charts/drag-node-chart#delete-a-node-at-runtime,
/chart-guide/standard-charts/drag-node-chart#add-and-edit-connectors,
/chart-guide/standard-charts/drag-node-chart#add-and-delete-text-labels,
/chart-guide/standard-charts/drag-node-chart#update-chart-data-on-server,
/chart-guide/standard-charts/drag-node-chart#get-data-using-javascript,
,
/chart-guide/standard-charts/real-time-charts,
/chart-guide/standard-charts/real-time-charts#features,
/chart-guide/standard-charts/real-time-charts#real-time-line-chart,
/chart-guide/standard-charts/real-time-charts#real-time-area-chart,
/chart-guide/standard-charts/real-time-charts#real-time-stacked-area-chart,
/chart-guide/standard-charts/real-time-charts#real-time-column-chart,
/chart-guide/standard-charts/real-time-charts#real-time-stacked-column-chart,
/chart-guide/standard-charts/real-time-charts#real-time-dual-y-axis-line-chart,
/chart-guide/standard-charts/real-time-charts#number-of-datasets-to-update,
/chart-guide/standard-charts/real-time-charts#number-of-incremental-updates,
/chart-guide/standard-charts/real-time-charts#attributes-to-update-the-chart,
/chart-guide/standard-charts/real-time-charts#attributes-to-update-each-dataset,
/chart-guide/standard-charts/real-time-charts#provide-empty-data,
/chart-guide/standard-charts/real-time-charts#commands-sent,
/chart-guide/standard-charts/real-time-charts#send-messages-pertinent,
/chart-guide/standard-charts/real-time-charts#multiple-datasets-and-updates,
/chart-guide/standard-charts/real-time-charts#add-multiple-datasets,
/chart-guide/standard-charts/real-time-charts#data-provider-page,
/chart-guide/standard-charts/real-time-charts#push-multiple-updates,
/chart-guide/standard-charts/real-time-charts#add-historical-data,
/chart-guide/standard-charts/real-time-charts#specify-historical-data,
/chart-guide/standard-charts/real-time-charts#add-data-stamp,
/chart-guide/standard-charts/real-time-charts#set-up-the-initial-data-stamp,
/chart-guide/standard-charts/real-time-charts#set-alert-manager,
/chart-guide/standard-charts/real-time-charts#configure-the-alert-manager-for-all-datasets,
/chart-guide/standard-charts/real-time-charts#configure-the-alert-manager-for-individual-datasets,
/chart-guide/standard-charts/real-time-charts#set-message-logger,
/chart-guide/standard-charts/real-time-charts#set-up-the-message-logger,
/chart-guide/standard-charts/real-time-charts#examples-of-real-time-update,
/chart-guide/standard-charts/real-time-charts#clear-the-message-logger-from-the-server,
/chart-guide/standard-charts/real-time-charts#handle-messages-in-javascript,
/chart-guide/standard-charts/real-time-charts#use-the-client-side-javascript-api,
/chart-guide/standard-charts/real-time-charts#clear-chart-view,
/chart-guide/standard-charts/real-time-charts#clear-the-chart-from-the-server,
/chart-guide/standard-charts/real-time-charts#set-a-chart-clearing-interval,
/chart-guide/standard-charts/real-time-charts#clear-chart-using-javascript-api,
/chart-guide/standard-charts/real-time-charts#feed-data-using-javascript,
/chart-guide/standard-charts/real-time-charts#retrieve-data-using-javascript,
/chart-guide/standard-charts/real-time-charts#listen-to-events,
/chart-guide/standard-charts/real-time-charts#event-parameters-in-the-simple-model,
/chart-guide/standard-charts/real-time-charts#event-parameters-in-the-advanced-model,
/chart-guide/standard-charts/real-time-charts#real-time-events,
/chart-guide/standard-charts/real-time-charts#troubleshooting,
,
/chart-guide/gauges-and-widgets/angular-gauge,
/chart-guide/gauges-and-widgets/angular-gauge#basics-of-an-angular-gauge,
/chart-guide/gauges-and-widgets/angular-gauge#elements-of-the-gauge,
/chart-guide/gauges-and-widgets/angular-gauge#simple-angular-gauge-example,
/chart-guide/gauges-and-widgets/angular-gauge#configure-the-gauge-gradient-fill,
/chart-guide/gauges-and-widgets/angular-gauge#show-hide-the-gauge-border,
/chart-guide/gauges-and-widgets/angular-gauge#configure-border-cosmetics-for-each-color-range,
/chart-guide/gauges-and-widgets/angular-gauge#configure-the-entire-border-for-the-gauge-at-once,
/chart-guide/gauges-and-widgets/angular-gauge#set-the-border-color-as-a-derivative-of-the-fill-color,
/chart-guide/gauges-and-widgets/angular-gauge#configure-outer-and-inner-radius,
/chart-guide/gauges-and-widgets/angular-gauge#configure-pivot-properties,
/chart-guide/gauges-and-widgets/angular-gauge#configure-pivot-border-cosmetics,
/chart-guide/gauges-and-widgets/angular-gauge#configure-pivot-fill-cosmetics,
/chart-guide/gauges-and-widgets/angular-gauge#configure-the-pivot-fill-color-with-a-gradient-fill-mix,
/chart-guide/gauges-and-widgets/angular-gauge#configure-the-pivot-fill-with-a-linear-gradient,
/chart-guide/gauges-and-widgets/angular-gauge#configure-dials,
/chart-guide/gauges-and-widgets/angular-gauge#configure-the-background,
/chart-guide/gauges-and-widgets/angular-gauge#configure-the-radius-and-the-rear-extension,
/chart-guide/gauges-and-widgets/angular-gauge#configure-base-and-top-widths,
/chart-guide/gauges-and-widgets/angular-gauge#configure-hover-effects,
/chart-guide/gauges-and-widgets/angular-gauge#add-custom-tool-text-for-the-dial,
/chart-guide/gauges-and-widgets/angular-gauge#add-multiple-dials-on-the-gauge,
/chart-guide/gauges-and-widgets/angular-gauge#customize-dial-values,
/chart-guide/gauges-and-widgets/angular-gauge#update-dials-using-id,
/chart-guide/gauges-and-widgets/angular-gauge#show-hide-tick-marks-and-tick-values,
/chart-guide/gauges-and-widgets/angular-gauge#place-tick-marks-and-tick-values-inside-gauge,
/chart-guide/gauges-and-widgets/angular-gauge#configure-the-number-of-major-and-minor-tick-marks,
/chart-guide/gauges-and-widgets/angular-gauge#show-every-nth-tick-value,
/chart-guide/gauges-and-widgets/angular-gauge#set-decimals-for-tick-values,
/chart-guide/gauges-and-widgets/angular-gauge#set-tick-value-distance,
/chart-guide/gauges-and-widgets/angular-gauge#add-trend-points,
/chart-guide/gauges-and-widgets/angular-gauge#show-trend-markers,
/chart-guide/gauges-and-widgets/angular-gauge#create-a-trend-arc,
/chart-guide/gauges-and-widgets/angular-gauge#customize-a-trend-arc,
/chart-guide/gauges-and-widgets/angular-gauge#configure-angles-and-origins,
/chart-guide/gauges-and-widgets/angular-gauge#create-gauges-with-chart-object-attributes,
/chart-guide/gauges-and-widgets/angular-gauge#configure-gauge-angles,
/chart-guide/gauges-and-widgets/angular-gauge#allow-automatic-positioning-of-gauge-origins,
/chart-guide/gauges-and-widgets/angular-gauge#manually-set-gauge-origins,
/chart-guide/gauges-and-widgets/angular-gauge#configure-gauges-for-dynamic-resizing,
/chart-guide/gauges-and-widgets/angular-gauge#dynamically-resize-gauges-with-manual-values-for-elements,
/chart-guide/gauges-and-widgets/angular-gauge#set-alert-manager,
/chart-guide/gauges-and-widgets/angular-gauge#use-js-api-function-resizeto-to-resize-charts,
/chart-guide/gauges-and-widgets/angular-gauge#create-an-editable-angular-gauge,
/chart-guide/gauges-and-widgets/angular-gauge#create-an-editable-gauge-in-the-earlier-versions,
/chart-guide/gauges-and-widgets/angular-gauge#create-real-time-angular-gauge,
/chart-guide/gauges-and-widgets/angular-gauge#stream-data,
/chart-guide/gauges-and-widgets/angular-gauge#real-time-data-format,
/chart-guide/gauges-and-widgets/angular-gauge#build-a-real-time-gauge-that-streams-data-from-a-url,
/chart-guide/gauges-and-widgets/angular-gauge#use-the-javascript-api-to-update-the-gauge,
/chart-guide/gauges-and-widgets/angular-gauge#configure-events-associated-with-real-time-updates,
/chart-guide/gauges-and-widgets/angular-gauge#troubleshoot-problems-with-real-time-updates,
/chart-guide/gauges-and-widgets/angular-gauge#log-real-time-messages,
/chart-guide/gauges-and-widgets/angular-gauge#set-up-the-message-logger,
/chart-guide/gauges-and-widgets/angular-gauge#stream-messages-using-the-message-logger,
/chart-guide/gauges-and-widgets/angular-gauge#handle-messages-in-javascript,
/chart-guide/gauges-and-widgets/angular-gauge#configure-message-logger-using-javascript-api,
,
/chart-guide/gauges-and-widgets/bulb-gauge,
/chart-guide/gauges-and-widgets/bulb-gauge#basics-of-the-bulb-gauge,
/chart-guide/gauges-and-widgets/bulb-gauge#elements-of-the-bulb-gauge,
/chart-guide/gauges-and-widgets/bulb-gauge#color-range,
/chart-guide/gauges-and-widgets/bulb-gauge#value-textbox,
/chart-guide/gauges-and-widgets/bulb-gauge#create-a-bulb-gauge,
/chart-guide/gauges-and-widgets/bulb-gauge#set-the-value-range,
/chart-guide/gauges-and-widgets/bulb-gauge#define-the-color-range,
/chart-guide/gauges-and-widgets/bulb-gauge#configure-the-gauge-border,
/chart-guide/gauges-and-widgets/bulb-gauge#use-gradient-fill-mix-for-the-border,
/chart-guide/gauges-and-widgets/bulb-gauge#configure-the-origin-and-the-radius,
/chart-guide/gauges-and-widgets/bulb-gauge#render-the-bulb-gauge-in-2d,
/chart-guide/gauges-and-widgets/bulb-gauge#place-the-value-inside-the-gauge,
/chart-guide/gauges-and-widgets/bulb-gauge#render-the-range-name-as-gauge-label,
/chart-guide/gauges-and-widgets/bulb-gauge#configure-the-hover-effect,
/chart-guide/gauges-and-widgets/bulb-gauge#real-time-bulb-gauge,
/chart-guide/gauges-and-widgets/bulb-gauge#configure-real-time-updates-using-javascript-api,
/chart-guide/gauges-and-widgets/bulb-gauge#stop-restart-updates,
/chart-guide/gauges-and-widgets/bulb-gauge#configure-real-time-events,
/chart-guide/gauges-and-widgets/bulb-gauge#troubleshoot-real-time-gauges,
,
/chart-guide/gauges-and-widgets/cylinder-gauge,
/chart-guide/gauges-and-widgets/cylinder-gauge#simple-cylinder-gauge-example,
/chart-guide/gauges-and-widgets/cylinder-gauge#elements-of-cylinder-gauges,
/chart-guide/gauges-and-widgets/cylinder-gauge#simple-cylinder-gauge-example,
/chart-guide/gauges-and-widgets/cylinder-gauge#set-cylinder-fill-color,
/chart-guide/gauges-and-widgets/cylinder-gauge#customize-cylinder-origin-radius-and-height,
/chart-guide/gauges-and-widgets/cylinder-gauge#configure-chart-value-display,
/chart-guide/gauges-and-widgets/cylinder-gauge#hide-tick-marks-and-tick-values,
/chart-guide/gauges-and-widgets/cylinder-gauge#position-tick-marks-and-tick-values,
/chart-guide/gauges-and-widgets/cylinder-gauge#customize-the-number-of-tick-marks,
/chart-guide/gauges-and-widgets/cylinder-gauge#disable-auto-adjustment-of-tick-marks,
/chart-guide/gauges-and-widgets/cylinder-gauge#configure-tick-value-step,
/chart-guide/gauges-and-widgets/cylinder-gauge#configure-tick-mark-cosmetics,
/chart-guide/gauges-and-widgets/cylinder-gauge#apply-hover-effects,
/chart-guide/gauges-and-widgets/cylinder-gauge#build-a-real-time-cylinder-gauge,
/chart-guide/gauges-and-widgets/cylinder-gauge#real-time-data-format,
/chart-guide/gauges-and-widgets/cylinder-gauge#configure-real-time-updates-using-server-side-script,
/chart-guide/gauges-and-widgets/cylinder-gauge#stop-restart-updates,
/chart-guide/gauges-and-widgets/cylinder-gauge#configure-real-time-events,
/chart-guide/gauges-and-widgets/cylinder-gauge#troubleshoot-real-time-gauges,
,
/chart-guide/gauges-and-widgets/led-gauge,
/chart-guide/gauges-and-widgets/led-gauge#basics-of-led-gauges,
/chart-guide/gauges-and-widgets/led-gauge#elements-of-led-gauges,
/chart-guide/gauges-and-widgets/led-gauge#color-range,
/chart-guide/gauges-and-widgets/led-gauge#led-bars-and-gaps,
/chart-guide/gauges-and-widgets/led-gauge#tick-marks,
/chart-guide/gauges-and-widgets/led-gauge#chart-value,
/chart-guide/gauges-and-widgets/led-gauge#annotations,
/chart-guide/gauges-and-widgets/led-gauge#create-an-led-gauge,
/chart-guide/gauges-and-widgets/led-gauge#specify-the-background-color,
/chart-guide/gauges-and-widgets/led-gauge#use-a-single-color-for-led-fill-and-background,
/chart-guide/gauges-and-widgets/led-gauge#show-hide-the-gauge-border,
/chart-guide/gauges-and-widgets/led-gauge#customize-gauge-border-properties,
/chart-guide/gauges-and-widgets/led-gauge#configure-led-bar-size-and-gap,
/chart-guide/gauges-and-widgets/led-gauge#show-hide-chart-value,
/chart-guide/gauges-and-widgets/led-gauge#show-hide-tick-marks-and-tick-values,
/chart-guide/gauges-and-widgets/led-gauge#configure-tick-marks-and-tick-values,
/chart-guide/gauges-and-widgets/led-gauge#configure-tick-mark-and-tick-value-cosmetics,
/chart-guide/gauges-and-widgets/led-gauge#configure-hover-effects,
/chart-guide/gauges-and-widgets/led-gauge#real-time-led-gauge,
/chart-guide/gauges-and-widgets/led-gauge#real-time-data-format,
/chart-guide/gauges-and-widgets/led-gauge#configure-real-time-updates-using-server-side-script,
/chart-guide/gauges-and-widgets/led-gauge#stop-restart-updates,
/chart-guide/gauges-and-widgets/led-gauge#configure-real-time-events,
/chart-guide/gauges-and-widgets/led-gauge#troubleshoot-real-time-gauges,
,
/chart-guide/gauges-and-widgets/linear-gauge,
/chart-guide/gauges-and-widgets/linear-gauge#basics-of-a-linear-gauge,
/chart-guide/gauges-and-widgets/linear-gauge#elements-of-the-linear-gauge,
/chart-guide/gauges-and-widgets/linear-gauge#simple-linear-gauge-example,
/chart-guide/gauges-and-widgets/linear-gauge#configure-pointer-properties,
/chart-guide/gauges-and-widgets/linear-gauge#add-tool-text-and-a-link-to-the-pointer,
/chart-guide/gauges-and-widgets/linear-gauge#adding-multiple-pointers,
/chart-guide/gauges-and-widgets/linear-gauge#configure-the-pointer-value,
/chart-guide/gauges-and-widgets/linear-gauge#configure-pointer-position,
/chart-guide/gauges-and-widgets/linear-gauge#configure-gauge-gradient-mix,
/chart-guide/gauges-and-widgets/linear-gauge#configure-gauge-borders,
/chart-guide/gauges-and-widgets/linear-gauge#hide-gauge-labels,
/chart-guide/gauges-and-widgets/linear-gauge#configure-hover-effects-for-the-pointer,
/chart-guide/gauges-and-widgets/linear-gauge#show-hide-tick-marks-and-tick-values,
/chart-guide/gauges-and-widgets/linear-gauge#configure-tick-values,
/chart-guide/gauges-and-widgets/linear-gauge#configure-positions-of-tick-marks-and-tick-values,
/chart-guide/gauges-and-widgets/linear-gauge#configure-the-number-of-major-and-minor-tick-marks,
/chart-guide/gauges-and-widgets/linear-gauge#configure-cosmetics-for-tick-marks,
/chart-guide/gauges-and-widgets/linear-gauge#configure-tick-mark-and-tick-value-padding,
/chart-guide/gauges-and-widgets/linear-gauge#trend-points,
/chart-guide/gauges-and-widgets/linear-gauge#add-a-trend-point-with-a-marker,
/chart-guide/gauges-and-widgets/linear-gauge#add-trend-zones-to-a-linear-gauge,
/chart-guide/gauges-and-widgets/linear-gauge#create-an-editable-linear-gauge,
/chart-guide/gauges-and-widgets/linear-gauge#create-editable-gauges-in-an-earlier-version,
/chart-guide/gauges-and-widgets/linear-gauge#create-a-real-time-linear-gauge,
/chart-guide/gauges-and-widgets/linear-gauge#retrieve-data-using-javascript-api,
/chart-guide/gauges-and-widgets/linear-gauge#stop-restart-updates,
/chart-guide/gauges-and-widgets/linear-gauge#configure-real-time-events,
/chart-guide/gauges-and-widgets/linear-gauge#troubleshooting,
,
/chart-guide/gauges-and-widgets/thermometer-gauge,
/chart-guide/gauges-and-widgets/thermometer-gauge#simple-thermometer-gauge-example,
/chart-guide/gauges-and-widgets/thermometer-gauge#elements-of-thermometer-gauges,
/chart-guide/gauges-and-widgets/thermometer-gauge#create-a-thermometer-gauge,
/chart-guide/gauges-and-widgets/thermometer-gauge#customize-the-gauge-fill,
/chart-guide/gauges-and-widgets/thermometer-gauge#customize-the-gauge-borders,
/chart-guide/gauges-and-widgets/thermometer-gauge#manually-set-the-thermometer-radius-and-height,
/chart-guide/gauges-and-widgets/thermometer-gauge#hide-the-temperature-value,
/chart-guide/gauges-and-widgets/thermometer-gauge#show-hide-tick-marks-and-tick-values,
/chart-guide/gauges-and-widgets/thermometer-gauge#configure-tick-marks-and-tick-values,
/chart-guide/gauges-and-widgets/thermometer-gauge#customize-tick-marks,
/chart-guide/gauges-and-widgets/thermometer-gauge#configure-hover-effects,
/chart-guide/gauges-and-widgets/thermometer-gauge#configure-real-time-updates-using-javascript-api,
/chart-guide/gauges-and-widgets/thermometer-gauge#configure-real-time-updates-using-server-side-script,
/chart-guide/gauges-and-widgets/thermometer-gauge#stop-restart-updates,
/chart-guide/gauges-and-widgets/thermometer-gauge#configure-real-time-events,
/chart-guide/gauges-and-widgets/thermometer-gauge#troubleshoot-real-time-gauges,
,
,
/themes/introduction-to-themes,
,
/themes/theme-manager,
/themes/theme-manager#apply-a-theme-to-your-chart,
/themes/theme-manager#use-the-theme-attribute,
/themes/theme-manager#modify-existing-themes,
,
/themes/create-your-own-themes,
/themes/create-your-own-themes#create-and-register-multiple-themes,
/themes/create-your-own-themes#include-escape-characters-in-theme-definition,
,
/exporting-charts/using-fc-export-server/exporting-charts-as-image-and-pdf,
/exporting-charts/using-fc-export-server/exporting-charts-as-image-and-pdf#modes-of-export,
,
/exporting-charts/using-fc-export-server/exporting-chart-data,
,
/exporting-charts/using-fc-export-server/modes-of-export/exporting-charts-and-chart-data-using-the-server-side-export-feature,
/exporting-charts/using-fc-export-server/modes-of-export/exporting-charts-and-chart-data-using-the-server-side-export-feature#enabling-server-side-export,
/exporting-charts/using-fc-export-server/modes-of-export/exporting-charts-and-chart-data-using-the-server-side-export-feature#features-of-server-side-exporting,
,
/exporting-charts/using-fc-export-server/modes-of-export/exporting-charts-and-chart-data-using-the-client-side-export-feature,
,
/exporting-charts/using-fc-export-server/modes-of-export/exporting-charts-and-chart-data-using-the-auto-export-feature,
,
/exporting-charts/using-fc-export-server/logging-export-statistics,
/exporting-charts/using-fc-export-server/logging-export-statistics#analytics-ui-for-logging-details,
/exporting-charts/using-fc-export-server/logging-export-statistics#logging-architecture,
/exporting-charts/using-fc-export-server/logging-export-statistics#attributes-used-for-enabling-logging-of-export-statistics,
/exporting-charts/using-fc-export-server/logging-export-statistics#export-statistics-logged,
,
/exporting-charts/using-fc-export-server/configuring-the-export-feature,
/exporting-charts/using-fc-export-server/configuring-the-export-feature#experimental-feature-export-with-logo-image,
,
/exporting-charts/using-fc-export-server/server-side-export/setup-private-export-server/asp-net,
/exporting-charts/using-fc-export-server/server-side-export/setup-private-export-server/asp-net#how-does-it-work-,
/exporting-charts/using-fc-export-server/server-side-export/setup-private-export-server/asp-net#installation,
/exporting-charts/using-fc-export-server/server-side-export/setup-private-export-server/asp-net#configuring-the-export-server,
,
/exporting-charts/using-fc-export-server/server-side-export/setup-private-export-server/php,
/exporting-charts/using-fc-export-server/server-side-export/setup-private-export-server/php#how-does-it-work-,
/exporting-charts/using-fc-export-server/server-side-export/setup-private-export-server/php#installation,
/exporting-charts/using-fc-export-server/server-side-export/setup-private-export-server/php#inkscape,
/exporting-charts/using-fc-export-server/server-side-export/setup-private-export-server/php#imagemagick,
/exporting-charts/using-fc-export-server/server-side-export/setup-private-export-server/php#configuring-the-export-server,
,
/exporting-charts/using-fc-export-server/server-side-export/setup-private-export-server/java,
/exporting-charts/using-fc-export-server/server-side-export/setup-private-export-server/java#how-does-it-work-,
/exporting-charts/using-fc-export-server/server-side-export/setup-private-export-server/java#installation,
/exporting-charts/using-fc-export-server/server-side-export/setup-private-export-server/java#inkscape,
/exporting-charts/using-fc-export-server/server-side-export/setup-private-export-server/java#imagemagick,
/exporting-charts/using-fc-export-server/server-side-export/setup-private-export-server/java#configuring-the-export-server,
,
/exporting-charts/using-fc-export-server/server-side-export/setup-private-export-server/ruby-on-rails,
/exporting-charts/using-fc-export-server/server-side-export/setup-private-export-server/ruby-on-rails#how-does-it-work-,
/exporting-charts/using-fc-export-server/server-side-export/setup-private-export-server/ruby-on-rails#installation,
/exporting-charts/using-fc-export-server/server-side-export/setup-private-export-server/ruby-on-rails#inkscape,
/exporting-charts/using-fc-export-server/server-side-export/setup-private-export-server/ruby-on-rails#imagemagick,
/exporting-charts/using-fc-export-server/server-side-export/setup-private-export-server/ruby-on-rails#configuration,
/exporting-charts/using-fc-export-server/server-side-export/setup-private-export-server/ruby-on-rails#mount-the-application,
,
/exporting-charts/using-fc-export-server/exporting-multiple-charts-in-a-single-image,
/exporting-charts/using-fc-export-server/exporting-multiple-charts-in-a-single-image#exporting-multiple-charts-at-once-and-customizing-the-exported-charts,
/exporting-charts/using-fc-export-server/exporting-multiple-charts-in-a-single-image#selectively-exporting-charts,
,
/exporting-charts/using-fc-export-server/architecture-of-the-fusioncharts-export-server,
/exporting-charts/using-fc-export-server/architecture-of-the-fusioncharts-export-server#architecture-of-the-fusioncharts-export-server,
/exporting-charts/using-fc-export-server/architecture-of-the-fusioncharts-export-server#decoupling-of-the-converter-module-and-the-logging-module,
,
/common-use-cases/building-dashboards,
/common-use-cases/building-dashboards#building-blocks-for-an-effective-dashboard,
/common-use-cases/building-dashboards#what-this-translates-to-for-you-,
/common-use-cases/building-dashboards#adding-the-charts-to-the-dashboard,
,
/common-use-cases/remove-an-existing-chart-from-a-page,
,
/common-use-cases/reference-to-chart-object,
/common-use-cases/reference-to-chart-object#using-the-fusioncharts-constructor,
/common-use-cases/reference-to-chart-object#using-the-items-object,
,
/common-use-cases/fusioncharts-constructor-and-object,
/common-use-cases/fusioncharts-constructor-and-object#creating-charts-using-the-fusioncharts-constructor,
/common-use-cases/fusioncharts-constructor-and-object#accessing-already-created-chart-using-fusioncharts-constructor,
/common-use-cases/fusioncharts-constructor-and-object#invoking-apis-using-instance-of-fusioncharts,
/common-use-cases/fusioncharts-constructor-and-object#managing-synchronization-when-rendering-multiple-charts,
,
/common-use-cases/change-chart-properties-at-runtime,
/common-use-cases/change-chart-properties-at-runtime#changing-height-and-width-of-the-chart,
/common-use-cases/change-chart-properties-at-runtime#changing-chart-type,
/common-use-cases/change-chart-properties-at-runtime#changing-chart-properties,
,
/common-use-cases/color-range-usecases,
/common-use-cases/color-range-usecases#two-range-partially-overlap,
/common-use-cases/color-range-usecases#two-range-completely-overlap,
/common-use-cases/color-range-usecases#same-max-value-of-two-range,
/common-use-cases/color-range-usecases#same-min-value-of-two-range,
/common-use-cases/color-range-usecases#values-not-belonging-to-any-range,
,
/common-use-cases/using-special-characters-in-a-chart,
/common-use-cases/using-special-characters-in-a-chart#using-multi-lingual-text,
/common-use-cases/using-special-characters-in-a-chart#using-currency-symbols,
/common-use-cases/using-special-characters-in-a-chart#using-special-characters,
,
/common-use-cases/plot-discontinuous-data,
/common-use-cases/plot-discontinuous-data#connecting-null-data,
,
/common-use-cases/highlight-specific-data-points-on-chart,
/common-use-cases/highlight-specific-data-points-on-chart#changing-the-color-of-an-individual-data-point,
/common-use-cases/highlight-specific-data-points-on-chart#highlighting-the-data-point-by-changing-its-alpha-and-using-dashed-border,
/common-use-cases/highlight-specific-data-points-on-chart#changing-anchor-properties-in-charts-like-line-and-area,
,
/common-use-cases/view-data-of-existing-chart-on-page,
,
/common-use-cases/get-formatted-numbers-outside-chart,
/common-use-cases/get-formatted-numbers-outside-chart#reuse-the-number-format-used-in-the-chart-on-page,
/common-use-cases/get-formatted-numbers-outside-chart#use-fusioncharts-library-in-the-page-to-specify-the-number-format-required,
,
/common-use-cases/get-svg-representation-of-a-chart,
,
/common-use-cases/change-chart-messages,
/common-use-cases/change-chart-messages#setting-custom-messages,
/common-use-cases/change-chart-messages#styling-chart-messages,
,
/common-use-cases/render-thumbnail-versions-of-chart,
/common-use-cases/render-thumbnail-versions-of-chart#render-plots-shedding-all-other-chart-elements,
/common-use-cases/render-thumbnail-versions-of-chart#disable-all-charting-interactivities,
/common-use-cases/render-thumbnail-versions-of-chart#static-presentation-of-chart,
,
,
/chart-guide/chart-configurations/size-and-type#set-width-and-height-in-pixels,"width, height"
/chart-guide/chart-configurations/border-and-background#show-hide-chart-borders,showBorder
/chart-guide/chart-configurations/border-and-background#customize-chart-borders,"borderColor, borderThickness, borderAlpha"
/chart-guide/chart-configurations/border-and-background#customize-chart-background,"bgColor, bgAlpha"
/chart-guide/chart-configurations/border-and-background#use-gradient-background,"bgRatio, bgAngle"
/chart-guide/chart-configurations/border-and-background#use-external-image,bgImage
/chart-guide/chart-configurations/border-and-background#customize-background-image,"bgImageApha, bgImageDisplayMode, bgImageHAlign, bgImageVAlign, bgImageScale"
/chart-guide/chart-configurations/canvas#customize-the-canvas-fill-color,"canvasbgColor, canvasBgAlpha"
/chart-guide/chart-configurations/canvas#show-canvas-border,showCanvasBorder
/chart-guide/chart-configurations/canvas#customize-canvas-border,"canvasBorderColor, canvasBorderThickness, canvasBorderAlpha"
/chart-guide/chart-configurations/canvas#use-gradient-fill,canvasBgRatio
/chart-guide/chart-configurations/canvas#configure-the-3d-effect,"showCanvasBg, showCanvasBase, canvasBaseColor, canvasBaseDepth, canvasBgDepth"
/chart-guide/chart-configurations/titles-and-axis-names#set-the-caption-and-subcaption,"caption, subCaption"
/chart-guide/chart-configurations/titles-and-axis-names#customize-font-properties,"captionFont, captionFontColor, captionFontSize, captionFontBold, subCaptionFont, subCaptionFontColor, subCaptionFontSize, subCaptionFontBold"
/chart-guide/chart-configurations/titles-and-axis-names#configure-caption-alignment,"captionAlignment, captionOnTop, alignCaptionWithCanvas, captionHorizontalPadding"
/chart-guide/chart-configurations/titles-and-axis-names#setting-axes-names,"xAxisName, yAxisName"
/chart-guide/chart-configurations/titles-and-axis-names#configure-font-cosmetic-properties,"xAxisNameFont, xAxisNameFontColor, xAxisNameFontSize, xAxisNameFontBold, xAxisNameFontItalic, yAxisNameFont, yAxisNameFontColor, yAxisNameFontSize, yAxisNameFontBold, yAxisNameFontItalic"
/chart-guide/chart-configurations/titles-and-axis-names#configure-cosmetic-properties-of-borders-of-the-names,"xAxisNameBorderColor, xAxisNameBorderAlpha, xAxisNameBorderPadding, xAxisNameBorderRadius, xAxisNameBorderThickness, xAxisNameBorderDashed, xAxisNameBorderDashLen, xAxisNameBorderDashGap, yAxisNameBorderColor, yAxisNameBorderAlpha, yAxisNameBorderPadding, yAxisNameBorderRadius, yAxisNameBorderThickness, yAxisNameBorderDashed, yAxisNameBorderDashLen, yAxisNameBorderDashGap"
/chart-guide/chart-configurations/titles-and-axis-names#configure-the-font-opacity-and-background,"xAxisNameFontAlpha, xAxisNameBgColor, xAxisNameBgAlpha, xAxisNameAlpha, yAxisNameFontAlpha, yAxisNameBgColor, yAxisNameBgAlpha, yAxisNameAlpha"
/chart-guide/chart-configurations/titles-and-axis-names#configure-font-properties-for-y-axis-names,"pYAxisName, sYAxisName, pYAxisNameFont, sYAxisNameFont, pYAxisNameFontColor, sYAxisNameFontColor, pYAxisNameFontSize, sYAxisNameFontSize, pYAxisNameFontBold, sYAxisNameFontBold, pYAxisNameFontItalic, sYAxisNameFontItalic, pYAxisNameFontAlpha, sYAxisNameFontAlpha"
/chart-guide/chart-configurations/titles-and-axis-names#configure-background-properties-of-y-axis-names,"pYAxisNameAlpha, sYAxisNameAlpha, pYAxisNameBgColor, sYAxisNameBgColor, pYAxisNameBgAlpha, sYAxisNameBgAlpha"
/chart-guide/chart-configurations/titles-and-axis-names#configure-the-border-properties-of-y-axis-names,"pYAxisNameBorderColor, sYAxisNameBorderColor, pYAxisNameBorderAlpha, sYAxisNameBorderAlpha, pYAxisNameBorderPadding, sYAxisNameBorderPadding, pYAxisNameBorderRadius, sYAxisNameBorderRadius, pYAxisNameBorderThickness, sYAxisNameBorderThickness, pYAxisNameBorderDashed, sYAxisNameBorderDashed, pYAxisNameBorderDashLen, sYAxisNameBorderDashLen, pYAxisNameBorderDashGap, sYAxisNameBorderDashGap"
/chart-guide/chart-configurations/data-plot#color-individual-data-plots,color
/chart-guide/chart-configurations/data-plot#color-different-data-plots,paletteColors
/chart-guide/chart-configurations/data-plot#add-gradient-effect-to-data-plots,"usePlotGradientColor, plotGradientColor"
/chart-guide/chart-configurations/data-plot#customize-gradient-properties,"plotFillAngle, plotFillRatio, plotFillAlpha"
/chart-guide/chart-configurations/data-plot#show-hide-plot-border,showPlotBorder
/chart-guide/chart-configurations/data-plot#dashed-data-plot-border,"plotBorderDashed, plotBorderDashLen, plotBorderDashGap, plotBorderThickness, plotBorderColor, dashed, dashLen, dashGap"
/chart-guide/chart-configurations/data-plot#round-edges,useRoundEdges
/chart-guide/chart-configurations/data-plot#plot-hover-effects,"plotHoverEffect, plotFillHoverColor, plotFillHoverAlpha, plotBorderHoverColor, plotBorderHoverAlpha, plotBorderHoverThickness, plotBorderHoverDashed, plotBorderHoverDashLen, plotBorderHoverDashGap, hoverColor, hoverAlpha, borderHoverColor, borderHoverAlpha, borderHoverThickness, borderHoverDashed, borderHoverDashLen, borderHoverDashGap, hoverGradientColor, hoverRatio, hoverAngle"
/chart-guide/chart-configurations/data-labels#data-label-display-modes,"labelDisplay, useEllipsesWhenOverflow, rotateLabels, maxLabelWidthPercent, slantLabel, xAxisLabelMode, staggerLines, labelstep"
/chart-guide/chart-configurations/data-labels#show-hide-labels-for-all-dataplots,showLabels
/chart-guide/chart-configurations/data-labels#hide-specific-data-labels,showLabel
/chart-guide/chart-configurations/data-labels#label-management-line-and-area-charts,canvasPadding
/chart-guide/chart-configurations/data-labels#customize-data-label-properties,"labelFont, labelFontColor, labelFontSize, labelFontBold, labelFontItalic, labelAlpha"
/chart-guide/chart-configurations/data-labels#border-properties,"labelBorderColor, labelBorderAlpha, labelBorderPadding, labelBorderRadius, labelBorderThickness, labelBorderDashed, labelBorderDashGap, labelBorderDashLen"
/chart-guide/chart-configurations/data-labels#background-properties,"labelBgColor, lableBgAlpha"
/chart-guide/chart-configurations/data-labels#configure-height-of-the-data-label,maxLabelHeight
/chart-guide/chart-configurations/data-labels#add-links-to-data-labels,labelLink
/chart-guide/chart-configurations/data-values#configure-text-labels-instead-of-numeric-data-values,displayValue
/chart-guide/chart-configurations/data-values#rotate-data-values,rotateValues
/chart-guide/chart-configurations/data-values#display-data-values-outside-columns,placeValuesInside
/chart-guide/chart-configurations/data-values#show-hide-data-values,"showValues, showValue"
/chart-guide/chart-configurations/data-values#skip-y-axis-values,yAxisValuesStep
/chart-guide/chart-configurations/data-values#customize-data-value-properties,"valueFont, valueFontColor, valueFontSize, valueFontBold, valueFontItalic, valueFontAlpha"
/chart-guide/chart-configurations/data-values#customize-data-value-border,"valueBorderColor, valueBorderAlpha, valueBorderThickness, valueBorderRadius, valueBorderDashed, valueBorderDashGap, valueBorderDashLen, valueBorderHoverAlpha"
/chart-guide/chart-configurations/data-values#customize-data-value-background,"valueBgColor, valueBgAlpha, valueBgHoverAlpha"
/chart-guide/chart-configurations/number-format#round-off-decimal-places,"decimals, yAxisValueDecimals, xAxisValueDecimals"
/chart-guide/chart-configurations/number-format#round-off-with-trailing-zeroes,"forceDecimals, forceYAxisValueDecimals, forceXAxisValueDecimals"
/chart-guide/chart-configurations/number-format#enable-disable-automatic-formatting-of-numbers,"formatNumber, yFormatNumber, xFormatNumber, formatNumberScale, yFormatNumberScale, xFormatNumberScale"
/chart-guide/chart-configurations/number-format#customize-thousand-and-decimal-separator,"decimalSeparator, thousandSeparator, inDecimalSeparator, inThousandSeparator"
/chart-guide/chart-configurations/number-format#configure-thousand-separator-position,thousandSeparatorPosition
/chart-guide/chart-configurations/number-format#add-number-prefix-and-suffix,"sNumberPrefix, xNumberPrefix, yNumberPrefix, NumberSuffix, xNumberSuffix, yNumberSuffix, sNumberPrefix, forceSYAxisValueDecimals"
/chart-guide/chart-configurations/number-format#shorten-data-values,"formatNumberScale, yFormatNumberScale, xFormatNumberScale"
/chart-guide/chart-configurations/number-format#add-billions-to-default-scaling,"numberScaleValue, numberScaleUnit"
/chart-guide/chart-configurations/number-format#use-recursive-number-scaling,"scaleRecursively, maxScaleRecursion, xScaleRecursively, xMaxScaleRecursion, xScaleSeparator, xAxisLabelMode, sScaleRecursively, sMaxScaleRecursion, sScaleSeparator"
/chart-guide/chart-configurations/fonts#customize-base-font-group,"baseFont, baseFontSize, baseFontColor"
/chart-guide/chart-configurations/fonts#outside-canvas-base-font-group,"outCnvBaseFont, outCnvBaseFontSize, outCnvBaseFontColor"
/chart-guide/chart-configurations/chart-palettes,palette
/chart-guide/chart-configurations/chart-limits#set-chart-limits-explicitly,"yAxisMinValue, yAxisMaxValue"
/chart-guide/chart-configurations/chart-limits#set-y-axis-minimum-value,setAdaptiveYMin
/chart-guide/chart-configurations/chart-limits#set-axis-limits-for-dual-y-axis-charts,"pYAxisMinValue, pYAxisMaxValue, sYAxisMinValue, sYAxisMaxValue"
/chart-guide/chart-configurations/chart-limits#set-same-axis-limits-for-primary-and-secondary-y-axes,syncAxisLimits
/chart-guide/chart-configurations/chart-limits#show-hide-y-axis-values,"showYAxisValues, showLimits"
/chart-guide/chart-configurations/div-lines-and-grids#customize-the-number-of-divisional-lines,"adjustDiv, yAxisMinValue, yAxisMaxValue, numDivLines"
/chart-guide/chart-configurations/div-lines-and-grids#customize-the-display-of-divisional-lines,"divLineColor, divLineThickness, divLineAlpha"
/chart-guide/chart-configurations/div-lines-and-grids#dashed-divisional-lines,"divLineDashed, divLineDashLen, divLineDashGap"
/chart-guide/chart-configurations/div-lines-and-grids#customize-horizontal-grid-bands,"showAlternateHGridColor, alternateHGridColor, alternateHGridAlpha"
/chart-guide/chart-configurations/vertical-div-lines#show-vertical-divisional-lines,numVDivLines
/chart-guide/chart-configurations/vertical-div-lines#customize-the-visuals-of-vertical-divisional-lines,"vDivLineColor, vDivLineThickness, vDivLineAlpha"
/chart-guide/chart-configurations/vertical-div-lines#dashed-divisional-lines,"vDivLineDashed, vDivLineDashLen, vDivLineDashGap"
/chart-guide/chart-configurations/vertical-div-lines#show-vertical-grid-bands,showAlternateVGridColor
/chart-guide/chart-configurations/vertical-div-lines#customize-the-visuals-vertical-grid-bands,"alternateVGridColor, alternateVGridAlpha"
/chart-guide/chart-configurations/zero-plane#show-hide-the-zero-plane,showZeroPlane
/chart-guide/chart-configurations/zero-plane#customize-zero-plane-in-2d-chart,"zeroPlaneColor, zeroPlaneThickness, zeroPlaneAlpha"
/chart-guide/chart-configurations/zero-plane#customize-zero-plane-in-3d-chart,"zeroPlaneShowBorder, zeroPlaneBorderColor"
/chart-guide/chart-configurations/zero-plane#vertical-zero-plane,"showVZeroPlane, vZeroPlaneColor, vZeroPlaneThickness, vZeroPlaneAlpha, showZeroPlaneValue"
/chart-guide/chart-configurations/trend-lines-and-zones#add-tool-text-to-a-trend-line,toolText
/chart-guide/chart-configurations/trend-lines-and-zones#add-trend-zones,"isTrendZone, startValue, endValue"
/chart-guide/chart-configurations/trend-lines-and-zones#customize-trend-lines-and-trend-zones,"color, thickness, alpha"
/chart-guide/chart-configurations/trend-lines-and-zones#customize-the-trend-line-display-value-text,"trendValueFont, trendValueFontSize, trendValueFontBold, trendValueFontItalic, trendValueAlpha, trendValueBgColor, trendValueBgAlpha, trendValueBorderColor, trendValueBorderAlpha, trendValueBorderPadding, trendValueBorderRadius, trendValueBorderThickness, trendValueBorderDashed, trendValueBorderDashLen, trendValueBorderDashGap"
/chart-guide/chart-configurations/trend-lines-and-zones#add-dashed-trend-lines,"dashed, dashLen, dashGap"
/chart-guide/chart-configurations/trend-lines-and-zones#add-slanted-trend-lines,"startValue, endValue"
/chart-guide/chart-configurations/trend-lines-and-zones#configure-the-trend-line-label,valueOnRight
/chart-guide/chart-configurations/trend-lines-and-zones#add-trend-lines-for-a-dual-y-axis-chart,parentYAxis
/chart-guide/chart-configurations/anchors-and-lines#hide-anchors,drawAnchors
/chart-guide/chart-configurations/anchors-and-lines#customize-anchor-properties,"anchorSides, anchorRadius, anchorBorderColor, anchorBorderThickness, anchorBgColor, anchorBgAlpha"
/chart-guide/chart-configurations/anchors-and-lines#add-external-images,"anchorImageUrl, anchorImageAlpha, anchorImageScale"
/chart-guide/chart-configurations/cross-line#show-hide-the-cross-line,drawCrossLine
/chart-guide/chart-configurations/cross-line#customize-cross-line-color,"crossLineColor, crossLineAlpha, crossLineAnimation, crossLineAnimationDuration"
/chart-guide/chart-configurations/cross-line#set-tooltip-background-color,"plotColorInTooltip, tooltipGrayOutColor, toolTipBgColor"
/chart-guide/chart-configurations/cross-line#customize-tooltip-border,"toolTipBorderColor, toolTipBorderThickness"
/chart-guide/chart-configurations/cross-line#set-separator-character-for-tooltip,toolTipSepChar
/chart-guide/chart-configurations/cross-line#show-hide-tooltip-shadow,showTooltipShadow
/chart-guide/chart-configurations/tool-tips#show-hide-tooltips,showToolTip
/chart-guide/chart-configurations/tool-tips#customize-tooltips,"toolTipBGColor, toolTipBorderColor, ToolTipSepChar, showTooltipShadow"
/chart-guide/chart-configurations/tool-tips#display-multiline-tooltip-text,tooltext
/chart-guide/chart-configurations/tool-tips#other-attributes,"plotToolText, displayValue, cumulativePlotTooltext, targetToolText, milestoneToolText, errorPlotToolText, horizontalErrorPlotToolText, verticalErrorPlotToolText, entityToolText, markerToolText, connectorToolText, outliersTooltext, meanTooltext, SDTooltext, QDTooltext, MDTooltext, trendlineToolText, cumulativePlotTooltext, targetToolText, milestoneToolText, errorPlotToolText, horizontalErrorPlotToolText, verticalErrorPlotToolText, entityToolText, markerToolText, connectorToolText, outliersTooltext, meanTooltext, SDTooltext, QDTooltext, MDTooltext"
/chart-guide/chart-configurations/vertical-lines#set-vertical-lines,"vLine, label, linePosition"
/chart-guide/chart-configurations/vertical-lines#configure-label-positions,labelPosition
/chart-guide/chart-configurations/vertical-lines#configure-label-alignment,"labelHAlign, labelVAlign"
/chart-guide/chart-configurations/vertical-lines#show-label-borders,"showVLineLabelBorder, showLabelBorder"
/chart-guide/chart-configurations/vertical-lines#customize-visual-properties,"color, thickness, alpha, dashed, dashLen, dashGap"
/chart-guide/chart-configurations/legend#show-hide-the-legends,showLegend
/chart-guide/chart-configurations/legend#show-hide-data-plots-via-the-legend,interactiveLegend
/chart-guide/chart-configurations/legend#highlight-a-data-series-via-the-legend,plotHighlightEffect
/chart-guide/chart-configurations/legend#customize-the-highlight-effect,"color, alpha, borderColor, borderAlpha, anchorBgColor, anchorBgAlpha, valueBgColor, valueBorderColor, valueFontColor"
/chart-guide/chart-configurations/legend#set-the-legend-position,"legendPosition, legendAllowDrag"
/chart-guide/chart-configurations/legend#configure-legend-icon-size,legendIconScale
/chart-guide/chart-configurations/legend#draw-a-custom-legend-icon-shape,"drawCustomLegendIcon, legendIconBgColor, legendIconAlpha, legendIconBgAlpha, legendIconBorderThickness, legendIconBorderColor, legendIconSides, legendIconStartAngle"
/chart-guide/chart-configurations/legend#customize-legend-scroll-bar,legendScrollBgColor
/chart-guide/chart-configurations/legend#reverse-legend-order,reverseLegend
/chart-guide/chart-configurations/legend#hide-data-series-upon-loading,initiallyHidden
/chart-guide/chart-configurations/legend#customize-legend-appearance,"legendBgColor, legendBgAlpha, legendBorderColor, legendBorderThickness, legendBorderAlpha, legendShadow, legendScrollBgColor, legendCaptionAlignment"
/chart-guide/chart-configurations/legend#customize-legend-font-cosmetics,"legendItemFont, legendItemFontSize, legendItemFontColor, legendItemFontBold, legendItemHoverFontColor, legendCaption, legendCaptionFont, legendCaptionFontSize, legendCaptionFontColor, legendCaptionBold"
/chart-guide/chart-configurations/annotations#create-text-annotations,"id, type, x, y, font, fontSize, align, vAlign, bold, italic, color, alpha, bgColor, leftMargin, rotateText, wrap, wrapWidth, toX, toY, wrapHeight"
/chart-guide/chart-configurations/annotations#create-image-annotations,"url, xScale, yScale"
/chart-guide/chart-configurations/annotations#common-attributes,"showBorder, borderColor, borderAlpha, borderThickness, dashed, dashLen, dashGap"
/chart-guide/chart-configurations/annotations#adhoc-attributes,"radius, sides, thickness, yRadius, innerRadius, startAngle, endAngle, path, origW, origH, xShift, yShift, autoScale, constrainedScale, scaleText, scaleImages, grpXShift, grpYShift, showBelow, visible, showShadow, wrapText, link, fillColor, fillAlpha, fillRatio, fillAngle"
/chart-guide/chart-configurations/tick-marks#show-hide-tick-marks,showTickMarks
/chart-guide/chart-configurations/tick-marks#show-hide-the-tick-values,"showTickValues, showLimits"
/chart-guide/chart-configurations/tick-marks#configure-the-tick-value-position,"placeTicksInside, placeValuesInside"
/chart-guide/chart-configurations/tick-marks#tick-value-position-of-horizontal-gauges,ticksBelowGauge
/chart-guide/chart-configurations/tick-marks#tick-value-position-of-vertical-gauges,ticksOnRight
/chart-guide/chart-configurations/tick-marks#display-every-nth-tick-mark-value,tickValueStep
/chart-guide/chart-configurations/tick-marks#show-tick-values-in-decimals,"tickValuDecimals, forceTickValueDecimals"
/chart-guide/chart-configurations/tick-marks#configure-tick-mark-and-tick-value-padding,"tickMarkDistance, tickValueDistance"
/chart-guide/chart-configurations/tick-marks#set-the-number-of-major-and-minor-tick-marks,"adjustTM, majorTMNumber, minorTMNumber"
/chart-guide/chart-configurations/tick-marks#configure-visuals-of-tick-marks,"majorTMColor, minorTMColor, majorTMAlpha, minorTMAlpha, majorTMHeight, minorTMHeight, majorTMThickness, minorTMThickness"
/chart-guide/chart-configurations/loading-external-logo#add-an-external-logo,logoURL
/chart-guide/chart-configurations/loading-external-logo#configure-the-external-logo,"logoAlpha, logoScale, logoPosition"
/chart-guide/chart-configurations/loading-external-logo#link-logo-to-an-external-url,logoLink
/chart-guide/chart-configurations/chart-paddings-and-margins#set-chart-margins,"chartLeftMargin, chartTopMargin, chartRightMargin, chartBottomMargin"
/chart-guide/chart-configurations/chart-paddings-and-margins#set-padding-for-caption,captionPadding
/chart-guide/chart-configurations/chart-paddings-and-margins#set-padding-for-axes-names,"xAxisNamePadding, yAxisNamePadding"
/chart-guide/chart-configurations/chart-paddings-and-margins#set-padding-for-axis-values,yAxisValuePadding
/chart-guide/chart-configurations/chart-paddings-and-margins#set-padding-for-data-label,labelPadding
/chart-guide/chart-configurations/chart-paddings-and-margins#set-padding-for-data-value,valuePadding
/chart-guide/chart-configurations/chart-paddings-and-margins#set-canvas-padding,canvasPadding
/chart-guide/chart-configurations/toolbar,checkBoxColor
/chart-guide/chart-configurations/drill-down#simple-links,"link, unescapeLinks"
/chart-guide/chart-configurations/drill-down#in-a-pop-up-window,"height, width, resizable, scrollbars, menubar, toolbar, location, directories, status, left, top, fullscreen, screenX, screenY, detailsWin"
/chart-guide/chart-configurations/drill-down#set-the-chart-as-a-hotspot,clickURL
/chart-guide/chart-configurations/drill-down#chart-links-linked-charts-,"jsonurl, xmlurl, dataformat, datasource"
